2026-07-27 05:39:23 - [INFO] - Kernels: ['hypernet', 'chebyshev', 'dct']
2026-07-27 05:39:23 - [INFO] - Modes: ['full', 'all_except_A', 'A_only', 'dt_only', 'BC_only', 'all_except_dt', 'D_only', 'none']
2026-07-27 05:39:23 - [INFO] - Seeds: 10
2026-07-27 05:39:23 - [INFO] - Total evaluations: 240
2026-07-27 05:39:23 - [INFO] - WikiText benchmark dir: /workspace/mark/data/benchmarks/wikitext
2026-07-27 05:39:23 - [INFO] - Running 240 evaluations (3 kernels × 8 modes × 10 seeds)
2026-07-27 05:39:23 - [INFO] - 
######################################################################
2026-07-27 05:39:23 - [INFO] - # KERNEL: hypernet
2026-07-27 05:39:23 - [INFO] - ######################################################################
2026-07-27 05:39:23 - [INFO] - 
2026-07-27 05:39:23 - [INFO] - ======================================================================
2026-07-27 05:39:23 - [INFO] -   [hypernet_stage1] mode=full  seed=42
2026-07-27 05:39:23 - [INFO] - ======================================================================
2026-07-27 05:39:27 - [INFO] - Injected ablation_mode='full' into 23 Hydra mixer layers
2026-07-27 05:39:40 - [INFO] -   ✓ raw_ppl=300.73027587270514, weighted_ppl=43.4079305869809
2026-07-27 05:39:41 - [INFO] - 
2026-07-27 05:39:41 - [INFO] - ======================================================================
2026-07-27 05:39:41 - [INFO] -   [hypernet_stage1] mode=full  seed=142
2026-07-27 05:39:41 - [INFO] - ======================================================================
2026-07-27 05:39:43 - [INFO] - Injected ablation_mode='full' into 23 Hydra mixer layers
2026-07-27 05:39:51 - [INFO] -   ✓ raw_ppl=422.86425475690646, weighted_ppl=41.03016387718497
2026-07-27 05:39:51 - [INFO] - 
2026-07-27 05:39:51 - [INFO] - ======================================================================
2026-07-27 05:39:51 - [INFO] -   [hypernet_stage1] mode=full  seed=242
2026-07-27 05:39:51 - [INFO] - ======================================================================
2026-07-27 05:39:54 - [INFO] - Injected ablation_mode='full' into 23 Hydra mixer layers
2026-07-27 05:40:01 - [INFO] -   ✓ raw_ppl=469.3887951927513, weighted_ppl=25.668334246727998
2026-07-27 05:40:01 - [INFO] - 
2026-07-27 05:40:01 - [INFO] - ======================================================================
2026-07-27 05:40:01 - [INFO] -   [hypernet_stage1] mode=full  seed=342
2026-07-27 05:40:01 - [INFO] - ======================================================================
2026-07-27 05:40:04 - [INFO] - Injected ablation_mode='full' into 23 Hydra mixer layers
2026-07-27 05:40:11 - [INFO] -   ✓ raw_ppl=202.0333942426054, weighted_ppl=33.2562104509033
2026-07-27 05:40:12 - [INFO] - 
2026-07-27 05:40:12 - [INFO] - ======================================================================
2026-07-27 05:40:12 - [INFO] -   [hypernet_stage1] mode=full  seed=442
2026-07-27 05:40:12 - [INFO] - ======================================================================
2026-07-27 05:40:14 - [INFO] - Injected ablation_mode='full' into 23 Hydra mixer layers
2026-07-27 05:40:21 - [INFO] -   ✓ raw_ppl=189.44258980367286, weighted_ppl=64.37316328268605
2026-07-27 05:40:21 - [INFO] - 
2026-07-27 05:40:21 - [INFO] - ======================================================================
2026-07-27 05:40:21 - [INFO] -   [hypernet_stage1] mode=full  seed=542
2026-07-27 05:40:21 - [INFO] - ======================================================================
2026-07-27 05:40:24 - [INFO] - Injected ablation_mode='full' into 23 Hydra mixer layers
2026-07-27 05:40:31 - [INFO] -   ✓ raw_ppl=448.81775930649667, weighted_ppl=25.888087625975256
2026-07-27 05:40:31 - [INFO] - 
2026-07-27 05:40:31 - [INFO] - ======================================================================
2026-07-27 05:40:31 - [INFO] -   [hypernet_stage1] mode=full  seed=642
2026-07-27 05:40:31 - [INFO] - ======================================================================
2026-07-27 05:40:34 - [INFO] - Injected ablation_mode='full' into 23 Hydra mixer layers
2026-07-27 05:40:41 - [INFO] -   ✓ raw_ppl=358.02940272748015, weighted_ppl=30.781360017363
2026-07-27 05:40:42 - [INFO] - 
2026-07-27 05:40:42 - [INFO] - ======================================================================
2026-07-27 05:40:42 - [INFO] -   [hypernet_stage1] mode=full  seed=742
2026-07-27 05:40:42 - [INFO] - ======================================================================
2026-07-27 05:40:44 - [INFO] - Injected ablation_mode='full' into 23 Hydra mixer layers
2026-07-27 05:40:51 - [INFO] -   ✓ raw_ppl=191.876760779879, weighted_ppl=51.162530075735326
2026-07-27 05:40:51 - [INFO] - 
2026-07-27 05:40:51 - [INFO] - ======================================================================
2026-07-27 05:40:51 - [INFO] -   [hypernet_stage1] mode=full  seed=842
2026-07-27 05:40:51 - [INFO] - ======================================================================
2026-07-27 05:40:54 - [INFO] - Injected ablation_mode='full' into 23 Hydra mixer layers
2026-07-27 05:41:01 - [INFO] -   ✓ raw_ppl=217.75865527971592, weighted_ppl=68.05209882738912
2026-07-27 05:41:01 - [INFO] - 
2026-07-27 05:41:01 - [INFO] - ======================================================================
2026-07-27 05:41:01 - [INFO] -   [hypernet_stage1] mode=full  seed=942
2026-07-27 05:41:01 - [INFO] - ======================================================================
2026-07-27 05:41:04 - [INFO] - Injected ablation_mode='full' into 23 Hydra mixer layers
2026-07-27 05:41:11 - [INFO] -   ✓ raw_ppl=171.1343898035509, weighted_ppl=60.20364404231021
2026-07-27 05:41:12 - [INFO] -   [hypernet] full: weighted_ppl = 44.3824 ± 9.8421 (95% CI, n=10/10)
2026-07-27 05:41:12 - [INFO] - 
2026-07-27 05:41:12 - [INFO] - ======================================================================
2026-07-27 05:41:12 - [INFO] -   [hypernet_stage1] mode=all_except_A  seed=42
2026-07-27 05:41:12 - [INFO] - ======================================================================
2026-07-27 05:41:14 - [INFO] - Injected ablation_mode='all_except_A' into 23 Hydra mixer layers
2026-07-27 05:41:22 - [INFO] -   ✓ raw_ppl=384.4204555435199, weighted_ppl=52.083857557066594
2026-07-27 05:41:22 - [INFO] - 
2026-07-27 05:41:22 - [INFO] - ======================================================================
2026-07-27 05:41:22 - [INFO] -   [hypernet_stage1] mode=all_except_A  seed=142
2026-07-27 05:41:22 - [INFO] - ======================================================================
2026-07-27 05:41:25 - [INFO] - Injected ablation_mode='all_except_A' into 23 Hydra mixer layers
2026-07-27 05:41:32 - [INFO] -   ✓ raw_ppl=558.1776706841292, weighted_ppl=49.49444864802336
2026-07-27 05:41:33 - [INFO] - 
2026-07-27 05:41:33 - [INFO] - ======================================================================
2026-07-27 05:41:33 - [INFO] -   [hypernet_stage1] mode=all_except_A  seed=242
2026-07-27 05:41:33 - [INFO] - ======================================================================
2026-07-27 05:41:35 - [INFO] - Injected ablation_mode='all_except_A' into 23 Hydra mixer layers
2026-07-27 05:41:43 - [INFO] -   ✓ raw_ppl=602.6358776381561, weighted_ppl=30.07937459862901
2026-07-27 05:41:43 - [INFO] - 
2026-07-27 05:41:43 - [INFO] - ======================================================================
2026-07-27 05:41:43 - [INFO] -   [hypernet_stage1] mode=all_except_A  seed=342
2026-07-27 05:41:43 - [INFO] - ======================================================================
2026-07-27 05:41:46 - [INFO] - Injected ablation_mode='all_except_A' into 23 Hydra mixer layers
2026-07-27 05:41:53 - [INFO] -   ✓ raw_ppl=260.5783601091314, weighted_ppl=39.40445887697203
2026-07-27 05:41:53 - [INFO] - 
2026-07-27 05:41:53 - [INFO] - ======================================================================
2026-07-27 05:41:53 - [INFO] -   [hypernet_stage1] mode=all_except_A  seed=442
2026-07-27 05:41:53 - [INFO] - ======================================================================
2026-07-27 05:41:56 - [INFO] - Injected ablation_mode='all_except_A' into 23 Hydra mixer layers
2026-07-27 05:42:04 - [INFO] -   ✓ raw_ppl=238.17967897542462, weighted_ppl=78.65484766423998
2026-07-27 05:42:04 - [INFO] - 
2026-07-27 05:42:04 - [INFO] - ======================================================================
2026-07-27 05:42:04 - [INFO] -   [hypernet_stage1] mode=all_except_A  seed=542
2026-07-27 05:42:04 - [INFO] - ======================================================================
2026-07-27 05:42:07 - [INFO] - Injected ablation_mode='all_except_A' into 23 Hydra mixer layers
2026-07-27 05:42:14 - [INFO] -   ✓ raw_ppl=558.1810693925368, weighted_ppl=29.99931221163072
2026-07-27 05:42:14 - [INFO] - 
2026-07-27 05:42:14 - [INFO] - ======================================================================
2026-07-27 05:42:14 - [INFO] -   [hypernet_stage1] mode=all_except_A  seed=642
2026-07-27 05:42:14 - [INFO] - ======================================================================
2026-07-27 05:42:17 - [INFO] - Injected ablation_mode='all_except_A' into 23 Hydra mixer layers
2026-07-27 05:42:24 - [INFO] -   ✓ raw_ppl=481.3182246197363, weighted_ppl=37.316143177702415
2026-07-27 05:42:25 - [INFO] - 
2026-07-27 05:42:25 - [INFO] - ======================================================================
2026-07-27 05:42:25 - [INFO] -   [hypernet_stage1] mode=all_except_A  seed=742
2026-07-27 05:42:25 - [INFO] - ======================================================================
2026-07-27 05:42:27 - [INFO] - Injected ablation_mode='all_except_A' into 23 Hydra mixer layers
2026-07-27 05:42:35 - [INFO] -   ✓ raw_ppl=233.13450070272546, weighted_ppl=60.7024240315545
2026-07-27 05:42:35 - [INFO] - 
2026-07-27 05:42:35 - [INFO] - ======================================================================
2026-07-27 05:42:35 - [INFO] -   [hypernet_stage1] mode=all_except_A  seed=842
2026-07-27 05:42:35 - [INFO] - ======================================================================
2026-07-27 05:42:37 - [INFO] - Injected ablation_mode='all_except_A' into 23 Hydra mixer layers
2026-07-27 05:42:45 - [INFO] -   ✓ raw_ppl=273.80188226488616, weighted_ppl=82.3175474514444
2026-07-27 05:42:45 - [INFO] - 
2026-07-27 05:42:45 - [INFO] - ======================================================================
2026-07-27 05:42:45 - [INFO] -   [hypernet_stage1] mode=all_except_A  seed=942
2026-07-27 05:42:45 - [INFO] - ======================================================================
2026-07-27 05:42:48 - [INFO] - Injected ablation_mode='all_except_A' into 23 Hydra mixer layers
2026-07-27 05:42:55 - [INFO] -   ✓ raw_ppl=205.39780661686484, weighted_ppl=72.51138396925138
2026-07-27 05:42:55 - [INFO] -   [hypernet] all_except_A: weighted_ppl = 53.2564 ± 12.1446 (95% CI, n=10/10)
2026-07-27 05:42:55 - [INFO] - 
2026-07-27 05:42:55 - [INFO] - ======================================================================
2026-07-27 05:42:55 - [INFO] -   [hypernet_stage1] mode=A_only  seed=42
2026-07-27 05:42:55 - [INFO] - ======================================================================
2026-07-27 05:42:58 - [INFO] - Injected ablation_mode='A_only' into 23 Hydra mixer layers
2026-07-27 05:43:05 - [INFO] -   ✓ raw_ppl=415.24963539695966, weighted_ppl=61.01645857947214
2026-07-27 05:43:05 - [INFO] - 
2026-07-27 05:43:05 - [INFO] - ======================================================================
2026-07-27 05:43:05 - [INFO] -   [hypernet_stage1] mode=A_only  seed=142
2026-07-27 05:43:05 - [INFO] - ======================================================================
2026-07-27 05:43:08 - [INFO] - Injected ablation_mode='A_only' into 23 Hydra mixer layers
2026-07-27 05:43:15 - [INFO] -   ✓ raw_ppl=570.0678571093206, weighted_ppl=57.79320399686283
2026-07-27 05:43:16 - [INFO] - 
2026-07-27 05:43:16 - [INFO] - ======================================================================
2026-07-27 05:43:16 - [INFO] -   [hypernet_stage1] mode=A_only  seed=242
2026-07-27 05:43:16 - [INFO] - ======================================================================
2026-07-27 05:43:18 - [INFO] - Injected ablation_mode='A_only' into 23 Hydra mixer layers
2026-07-27 05:43:25 - [INFO] -   ✓ raw_ppl=589.788984350674, weighted_ppl=34.11361344270677
2026-07-27 05:43:25 - [INFO] - 
2026-07-27 05:43:25 - [INFO] - ======================================================================
2026-07-27 05:43:25 - [INFO] -   [hypernet_stage1] mode=A_only  seed=342
2026-07-27 05:43:25 - [INFO] - ======================================================================
2026-07-27 05:43:28 - [INFO] - Injected ablation_mode='A_only' into 23 Hydra mixer layers
2026-07-27 05:43:34 - [INFO] -   ✓ raw_ppl=261.6911808719869, weighted_ppl=45.6787190053704
2026-07-27 05:43:35 - [INFO] - 
2026-07-27 05:43:35 - [INFO] - ======================================================================
2026-07-27 05:43:35 - [INFO] -   [hypernet_stage1] mode=A_only  seed=442
2026-07-27 05:43:35 - [INFO] - ======================================================================
2026-07-27 05:43:37 - [INFO] - Injected ablation_mode='A_only' into 23 Hydra mixer layers
2026-07-27 05:43:44 - [INFO] -   ✓ raw_ppl=257.8647965519968, weighted_ppl=93.94891271804443
2026-07-27 05:43:44 - [INFO] - 
2026-07-27 05:43:44 - [INFO] - ======================================================================
2026-07-27 05:43:44 - [INFO] -   [hypernet_stage1] mode=A_only  seed=542
2026-07-27 05:43:44 - [INFO] - ======================================================================
2026-07-27 05:43:47 - [INFO] - Injected ablation_mode='A_only' into 23 Hydra mixer layers
2026-07-27 05:43:54 - [INFO] -   ✓ raw_ppl=510.86727720704215, weighted_ppl=33.80436934433218
2026-07-27 05:43:55 - [INFO] - 
2026-07-27 05:43:55 - [INFO] - ======================================================================
2026-07-27 05:43:55 - [INFO] -   [hypernet_stage1] mode=A_only  seed=642
2026-07-27 05:43:55 - [INFO] - ======================================================================
2026-07-27 05:43:57 - [INFO] - Injected ablation_mode='A_only' into 23 Hydra mixer layers
2026-07-27 05:44:05 - [INFO] -   ✓ raw_ppl=481.92087649143565, weighted_ppl=42.698001704559914
2026-07-27 05:44:05 - [INFO] - 
2026-07-27 05:44:05 - [INFO] - ======================================================================
2026-07-27 05:44:05 - [INFO] -   [hypernet_stage1] mode=A_only  seed=742
2026-07-27 05:44:05 - [INFO] - ======================================================================
2026-07-27 05:44:08 - [INFO] - Injected ablation_mode='A_only' into 23 Hydra mixer layers
2026-07-27 05:44:15 - [INFO] -   ✓ raw_ppl=231.9543141843561, weighted_ppl=71.50062498098077
2026-07-27 05:44:16 - [INFO] - 
2026-07-27 05:44:16 - [INFO] - ======================================================================
2026-07-27 05:44:16 - [INFO] -   [hypernet_stage1] mode=A_only  seed=842
2026-07-27 05:44:16 - [INFO] - ======================================================================
2026-07-27 05:44:19 - [INFO] - Injected ablation_mode='A_only' into 23 Hydra mixer layers
2026-07-27 05:44:26 - [INFO] -   ✓ raw_ppl=312.87517206788425, weighted_ppl=103.66317992305385
2026-07-27 05:44:26 - [INFO] - 
2026-07-27 05:44:26 - [INFO] - ======================================================================
2026-07-27 05:44:26 - [INFO] -   [hypernet_stage1] mode=A_only  seed=942
2026-07-27 05:44:26 - [INFO] - ======================================================================
2026-07-27 05:44:29 - [INFO] - Injected ablation_mode='A_only' into 23 Hydra mixer layers
2026-07-27 05:44:36 - [INFO] -   ✓ raw_ppl=216.137391053226, weighted_ppl=88.91755204605188
2026-07-27 05:44:36 - [INFO] -   [hypernet] A_only: weighted_ppl = 63.3135 ± 15.7131 (95% CI, n=10/10)
2026-07-27 05:44:36 - [INFO] - 
2026-07-27 05:44:36 - [INFO] - ======================================================================
2026-07-27 05:44:36 - [INFO] -   [hypernet_stage1] mode=dt_only  seed=42
2026-07-27 05:44:36 - [INFO] - ======================================================================
2026-07-27 05:44:39 - [INFO] - Injected ablation_mode='dt_only' into 23 Hydra mixer layers
2026-07-27 05:44:46 - [INFO] -   ✓ raw_ppl=454.5709974175796, weighted_ppl=59.77720221138991
2026-07-27 05:44:46 - [INFO] - 
2026-07-27 05:44:46 - [INFO] - ======================================================================
2026-07-27 05:44:46 - [INFO] -   [hypernet_stage1] mode=dt_only  seed=142
2026-07-27 05:44:46 - [INFO] - ======================================================================
2026-07-27 05:44:49 - [INFO] - Injected ablation_mode='dt_only' into 23 Hydra mixer layers
2026-07-27 05:44:56 - [INFO] -   ✓ raw_ppl=612.1267485402469, weighted_ppl=55.38811638226435
2026-07-27 05:44:56 - [INFO] - 
2026-07-27 05:44:56 - [INFO] - ======================================================================
2026-07-27 05:44:56 - [INFO] -   [hypernet_stage1] mode=dt_only  seed=242
2026-07-27 05:44:56 - [INFO] - ======================================================================
2026-07-27 05:44:59 - [INFO] - Injected ablation_mode='dt_only' into 23 Hydra mixer layers
2026-07-27 05:45:06 - [INFO] -   ✓ raw_ppl=721.8458725126185, weighted_ppl=33.72404851248172
2026-07-27 05:45:06 - [INFO] - 
2026-07-27 05:45:06 - [INFO] - ======================================================================
2026-07-27 05:45:06 - [INFO] -   [hypernet_stage1] mode=dt_only  seed=342
2026-07-27 05:45:06 - [INFO] - ======================================================================
2026-07-27 05:45:09 - [INFO] - Injected ablation_mode='dt_only' into 23 Hydra mixer layers
2026-07-27 05:45:16 - [INFO] -   ✓ raw_ppl=293.22860929799896, weighted_ppl=44.46732686219092
2026-07-27 05:45:16 - [INFO] - 
2026-07-27 05:45:16 - [INFO] - ======================================================================
2026-07-27 05:45:16 - [INFO] -   [hypernet_stage1] mode=dt_only  seed=442
2026-07-27 05:45:16 - [INFO] - ======================================================================
2026-07-27 05:45:19 - [INFO] - Injected ablation_mode='dt_only' into 23 Hydra mixer layers
2026-07-27 05:45:26 - [INFO] -   ✓ raw_ppl=283.87879723401124, weighted_ppl=90.89539056351414
2026-07-27 05:45:26 - [INFO] - 
2026-07-27 05:45:26 - [INFO] - ======================================================================
2026-07-27 05:45:26 - [INFO] -   [hypernet_stage1] mode=dt_only  seed=542
2026-07-27 05:45:26 - [INFO] - ======================================================================
2026-07-27 05:45:29 - [INFO] - Injected ablation_mode='dt_only' into 23 Hydra mixer layers
2026-07-27 05:45:36 - [INFO] -   ✓ raw_ppl=620.9521887040017, weighted_ppl=32.3949045726285
2026-07-27 05:45:36 - [INFO] - 
2026-07-27 05:45:36 - [INFO] - ======================================================================
2026-07-27 05:45:36 - [INFO] -   [hypernet_stage1] mode=dt_only  seed=642
2026-07-27 05:45:36 - [INFO] - ======================================================================
2026-07-27 05:45:39 - [INFO] - Injected ablation_mode='dt_only' into 23 Hydra mixer layers
2026-07-27 05:45:46 - [INFO] -   ✓ raw_ppl=530.2152421228333, weighted_ppl=41.44723159589522
2026-07-27 05:45:47 - [INFO] - 
2026-07-27 05:45:47 - [INFO] - ======================================================================
2026-07-27 05:45:47 - [INFO] -   [hypernet_stage1] mode=dt_only  seed=742
2026-07-27 05:45:47 - [INFO] - ======================================================================
2026-07-27 05:45:49 - [INFO] - Injected ablation_mode='dt_only' into 23 Hydra mixer layers
2026-07-27 05:45:57 - [INFO] -   ✓ raw_ppl=269.9265443702077, weighted_ppl=68.88804775522087
2026-07-27 05:45:57 - [INFO] - 
2026-07-27 05:45:57 - [INFO] - ======================================================================
2026-07-27 05:45:57 - [INFO] -   [hypernet_stage1] mode=dt_only  seed=842
2026-07-27 05:45:57 - [INFO] - ======================================================================
2026-07-27 05:46:00 - [INFO] - Injected ablation_mode='dt_only' into 23 Hydra mixer layers
2026-07-27 05:46:07 - [INFO] -   ✓ raw_ppl=326.2888071175701, weighted_ppl=100.00614332606672
2026-07-27 05:46:08 - [INFO] - 
2026-07-27 05:46:08 - [INFO] - ======================================================================
2026-07-27 05:46:08 - [INFO] -   [hypernet_stage1] mode=dt_only  seed=942
2026-07-27 05:46:08 - [INFO] - ======================================================================
2026-07-27 05:46:10 - [INFO] - Injected ablation_mode='dt_only' into 23 Hydra mixer layers
2026-07-27 05:46:17 - [INFO] -   ✓ raw_ppl=239.146489477167, weighted_ppl=85.8804917526553
2026-07-27 05:46:18 - [INFO] -   [hypernet] dt_only: weighted_ppl = 61.2869 ± 15.1067 (95% CI, n=10/10)
2026-07-27 05:46:18 - [INFO] - 
2026-07-27 05:46:18 - [INFO] - ======================================================================
2026-07-27 05:46:18 - [INFO] -   [hypernet_stage1] mode=BC_only  seed=42
2026-07-27 05:46:18 - [INFO] - ======================================================================
2026-07-27 05:46:21 - [INFO] - Injected ablation_mode='BC_only' into 23 Hydra mixer layers
2026-07-27 05:46:28 - [INFO] -   ✓ raw_ppl=459.5679519124512, weighted_ppl=60.65759989607973
2026-07-27 05:46:28 - [INFO] - 
2026-07-27 05:46:28 - [INFO] - ======================================================================
2026-07-27 05:46:28 - [INFO] -   [hypernet_stage1] mode=BC_only  seed=142
2026-07-27 05:46:28 - [INFO] - ======================================================================
2026-07-27 05:46:31 - [INFO] - Injected ablation_mode='BC_only' into 23 Hydra mixer layers
2026-07-27 05:46:37 - [INFO] -   ✓ raw_ppl=662.8118654397249, weighted_ppl=56.91784503914602
2026-07-27 05:46:38 - [INFO] - 
2026-07-27 05:46:38 - [INFO] - ======================================================================
2026-07-27 05:46:38 - [INFO] -   [hypernet_stage1] mode=BC_only  seed=242
2026-07-27 05:46:38 - [INFO] - ======================================================================
2026-07-27 05:46:40 - [INFO] - Injected ablation_mode='BC_only' into 23 Hydra mixer layers
2026-07-27 05:46:47 - [INFO] -   ✓ raw_ppl=736.3115871302127, weighted_ppl=34.567084299549585
2026-07-27 05:46:47 - [INFO] - 
2026-07-27 05:46:47 - [INFO] - ======================================================================
2026-07-27 05:46:47 - [INFO] -   [hypernet_stage1] mode=BC_only  seed=342
2026-07-27 05:46:47 - [INFO] - ======================================================================
2026-07-27 05:46:50 - [INFO] - Injected ablation_mode='BC_only' into 23 Hydra mixer layers
2026-07-27 05:46:56 - [INFO] -   ✓ raw_ppl=307.308194920819, weighted_ppl=45.83369145912929
2026-07-27 05:46:56 - [INFO] - 
2026-07-27 05:46:56 - [INFO] - ======================================================================
2026-07-27 05:46:56 - [INFO] -   [hypernet_stage1] mode=BC_only  seed=442
2026-07-27 05:46:56 - [INFO] - ======================================================================
2026-07-27 05:46:59 - [INFO] - Injected ablation_mode='BC_only' into 23 Hydra mixer layers
2026-07-27 05:47:06 - [INFO] -   ✓ raw_ppl=286.49562099445893, weighted_ppl=94.19895535629459
2026-07-27 05:47:07 - [INFO] - 
2026-07-27 05:47:07 - [INFO] - ======================================================================
2026-07-27 05:47:07 - [INFO] -   [hypernet_stage1] mode=BC_only  seed=542
2026-07-27 05:47:07 - [INFO] - ======================================================================
2026-07-27 05:47:09 - [INFO] - Injected ablation_mode='BC_only' into 23 Hydra mixer layers
2026-07-27 05:47:16 - [INFO] -   ✓ raw_ppl=677.5058215551222, weighted_ppl=34.57146008210657
2026-07-27 05:47:17 - [INFO] - 
2026-07-27 05:47:17 - [INFO] - ======================================================================
2026-07-27 05:47:17 - [INFO] -   [hypernet_stage1] mode=BC_only  seed=642
2026-07-27 05:47:17 - [INFO] - ======================================================================
2026-07-27 05:47:19 - [INFO] - Injected ablation_mode='BC_only' into 23 Hydra mixer layers
2026-07-27 05:47:26 - [INFO] -   ✓ raw_ppl=577.3287228430831, weighted_ppl=42.654061530380716
2026-07-27 05:47:27 - [INFO] - 
2026-07-27 05:47:27 - [INFO] - ======================================================================
2026-07-27 05:47:27 - [INFO] -   [hypernet_stage1] mode=BC_only  seed=742
2026-07-27 05:47:27 - [INFO] - ======================================================================
2026-07-27 05:47:29 - [INFO] - Injected ablation_mode='BC_only' into 23 Hydra mixer layers
2026-07-27 05:47:35 - [INFO] -   ✓ raw_ppl=279.05341071368343, weighted_ppl=73.35752537072126
2026-07-27 05:47:36 - [INFO] - 
2026-07-27 05:47:36 - [INFO] - ======================================================================
2026-07-27 05:47:36 - [INFO] -   [hypernet_stage1] mode=BC_only  seed=842
2026-07-27 05:47:36 - [INFO] - ======================================================================
2026-07-27 05:47:38 - [INFO] - Injected ablation_mode='BC_only' into 23 Hydra mixer layers
2026-07-27 05:47:45 - [INFO] -   ✓ raw_ppl=332.43476039668025, weighted_ppl=100.26224246663071
2026-07-27 05:47:46 - [INFO] - 
2026-07-27 05:47:46 - [INFO] - ======================================================================
2026-07-27 05:47:46 - [INFO] -   [hypernet_stage1] mode=BC_only  seed=942
2026-07-27 05:47:46 - [INFO] - ======================================================================
2026-07-27 05:47:48 - [INFO] - Injected ablation_mode='BC_only' into 23 Hydra mixer layers
2026-07-27 05:47:55 - [INFO] -   ✓ raw_ppl=247.40130226296017, weighted_ppl=88.94396151074457
2026-07-27 05:47:55 - [INFO] -   [hypernet] BC_only: weighted_ppl = 63.1964 ± 15.3353 (95% CI, n=10/10)
2026-07-27 05:47:55 - [INFO] - 
2026-07-27 05:47:55 - [INFO] - ======================================================================
2026-07-27 05:47:55 - [INFO] -   [hypernet_stage1] mode=all_except_dt  seed=42
2026-07-27 05:47:55 - [INFO] - ======================================================================
2026-07-27 05:47:58 - [INFO] - Injected ablation_mode='all_except_dt' into 23 Hydra mixer layers
2026-07-27 05:48:05 - [INFO] -   ✓ raw_ppl=300.71961183238255, weighted_ppl=43.87547195285471
2026-07-27 05:48:05 - [INFO] - 
2026-07-27 05:48:05 - [INFO] - ======================================================================
2026-07-27 05:48:05 - [INFO] -   [hypernet_stage1] mode=all_except_dt  seed=142
2026-07-27 05:48:05 - [INFO] - ======================================================================
2026-07-27 05:48:08 - [INFO] - Injected ablation_mode='all_except_dt' into 23 Hydra mixer layers
2026-07-27 05:48:15 - [INFO] -   ✓ raw_ppl=431.5822292636049, weighted_ppl=41.87165076495187
2026-07-27 05:48:15 - [INFO] - 
2026-07-27 05:48:15 - [INFO] - ======================================================================
2026-07-27 05:48:15 - [INFO] -   [hypernet_stage1] mode=all_except_dt  seed=242
2026-07-27 05:48:15 - [INFO] - ======================================================================
2026-07-27 05:48:17 - [INFO] - Injected ablation_mode='all_except_dt' into 23 Hydra mixer layers
2026-07-27 05:48:24 - [INFO] -   ✓ raw_ppl=480.8501633475037, weighted_ppl=25.994261870071696
2026-07-27 05:48:25 - [INFO] - 
2026-07-27 05:48:25 - [INFO] - ======================================================================
2026-07-27 05:48:25 - [INFO] -   [hypernet_stage1] mode=all_except_dt  seed=342
2026-07-27 05:48:25 - [INFO] - ======================================================================
2026-07-27 05:48:27 - [INFO] - Injected ablation_mode='all_except_dt' into 23 Hydra mixer layers
2026-07-27 05:48:34 - [INFO] -   ✓ raw_ppl=197.06082381609474, weighted_ppl=33.352936527342735
2026-07-27 05:48:34 - [INFO] - 
2026-07-27 05:48:34 - [INFO] - ======================================================================
2026-07-27 05:48:34 - [INFO] -   [hypernet_stage1] mode=all_except_dt  seed=442
2026-07-27 05:48:34 - [INFO] - ======================================================================
2026-07-27 05:48:37 - [INFO] - Injected ablation_mode='all_except_dt' into 23 Hydra mixer layers
2026-07-27 05:48:43 - [INFO] -   ✓ raw_ppl=190.37231538129555, weighted_ppl=65.13966867767783
2026-07-27 05:48:43 - [INFO] - 
2026-07-27 05:48:43 - [INFO] - ======================================================================
2026-07-27 05:48:43 - [INFO] -   [hypernet_stage1] mode=all_except_dt  seed=542
2026-07-27 05:48:43 - [INFO] - ======================================================================
2026-07-27 05:48:46 - [INFO] - Injected ablation_mode='all_except_dt' into 23 Hydra mixer layers
2026-07-27 05:48:53 - [INFO] -   ✓ raw_ppl=461.03048384148497, weighted_ppl=26.01333050880886
2026-07-27 05:48:53 - [INFO] - 
2026-07-27 05:48:53 - [INFO] - ======================================================================
2026-07-27 05:48:53 - [INFO] -   [hypernet_stage1] mode=all_except_dt  seed=642
2026-07-27 05:48:53 - [INFO] - ======================================================================
2026-07-27 05:48:56 - [INFO] - Injected ablation_mode='all_except_dt' into 23 Hydra mixer layers
2026-07-27 05:49:02 - [INFO] -   ✓ raw_ppl=351.5701486601247, weighted_ppl=30.91437239596897
2026-07-27 05:49:03 - [INFO] - 
2026-07-27 05:49:03 - [INFO] - ======================================================================
2026-07-27 05:49:03 - [INFO] -   [hypernet_stage1] mode=all_except_dt  seed=742
2026-07-27 05:49:03 - [INFO] - ======================================================================
2026-07-27 05:49:05 - [INFO] - Injected ablation_mode='all_except_dt' into 23 Hydra mixer layers
2026-07-27 05:49:11 - [INFO] -   ✓ raw_ppl=193.66412234155302, weighted_ppl=51.11957380448061
2026-07-27 05:49:12 - [INFO] - 
2026-07-27 05:49:12 - [INFO] - ======================================================================
2026-07-27 05:49:12 - [INFO] -   [hypernet_stage1] mode=all_except_dt  seed=842
2026-07-27 05:49:12 - [INFO] - ======================================================================
2026-07-27 05:49:14 - [INFO] - Injected ablation_mode='all_except_dt' into 23 Hydra mixer layers
2026-07-27 05:49:21 - [INFO] -   ✓ raw_ppl=220.19543392331127, weighted_ppl=68.95385642121661
2026-07-27 05:49:21 - [INFO] - 
2026-07-27 05:49:21 - [INFO] - ======================================================================
2026-07-27 05:49:21 - [INFO] -   [hypernet_stage1] mode=all_except_dt  seed=942
2026-07-27 05:49:21 - [INFO] - ======================================================================
2026-07-27 05:49:23 - [INFO] - Injected ablation_mode='all_except_dt' into 23 Hydra mixer layers
2026-07-27 05:49:30 - [INFO] -   ✓ raw_ppl=167.97468834085439, weighted_ppl=60.49322109432524
2026-07-27 05:49:30 - [INFO] -   [hypernet] all_except_dt: weighted_ppl = 44.7728 ± 9.9581 (95% CI, n=10/10)
2026-07-27 05:49:30 - [INFO] - 
2026-07-27 05:49:30 - [INFO] - ======================================================================
2026-07-27 05:49:30 - [INFO] -   [hypernet_stage1] mode=D_only  seed=42
2026-07-27 05:49:30 - [INFO] - ======================================================================
2026-07-27 05:49:33 - [INFO] - Injected ablation_mode='D_only' into 23 Hydra mixer layers
2026-07-27 05:49:39 - [INFO] -   ✓ raw_ppl=338.35372588508375, weighted_ppl=45.543267940649464
2026-07-27 05:49:39 - [INFO] - 
2026-07-27 05:49:39 - [INFO] - ======================================================================
2026-07-27 05:49:39 - [INFO] -   [hypernet_stage1] mode=D_only  seed=142
2026-07-27 05:49:39 - [INFO] - ======================================================================
2026-07-27 05:49:42 - [INFO] - Injected ablation_mode='D_only' into 23 Hydra mixer layers
2026-07-27 05:49:48 - [INFO] -   ✓ raw_ppl=476.92993460918046, weighted_ppl=43.43077601792996
2026-07-27 05:49:49 - [INFO] - 
2026-07-27 05:49:49 - [INFO] - ======================================================================
2026-07-27 05:49:49 - [INFO] -   [hypernet_stage1] mode=D_only  seed=242
2026-07-27 05:49:49 - [INFO] - ======================================================================
2026-07-27 05:49:51 - [INFO] - Injected ablation_mode='D_only' into 23 Hydra mixer layers
2026-07-27 05:49:58 - [INFO] -   ✓ raw_ppl=565.7404649808084, weighted_ppl=27.735555867319565
2026-07-27 05:49:58 - [INFO] - 
2026-07-27 05:49:58 - [INFO] - ======================================================================
2026-07-27 05:49:58 - [INFO] -   [hypernet_stage1] mode=D_only  seed=342
2026-07-27 05:49:58 - [INFO] - ======================================================================
2026-07-27 05:50:01 - [INFO] - Injected ablation_mode='D_only' into 23 Hydra mixer layers
2026-07-27 05:50:07 - [INFO] -   ✓ raw_ppl=238.94850996732032, weighted_ppl=34.76865921007082
2026-07-27 05:50:07 - [INFO] - 
2026-07-27 05:50:07 - [INFO] - ======================================================================
2026-07-27 05:50:07 - [INFO] -   [hypernet_stage1] mode=D_only  seed=442
2026-07-27 05:50:07 - [INFO] - ======================================================================
2026-07-27 05:50:10 - [INFO] - Injected ablation_mode='D_only' into 23 Hydra mixer layers
2026-07-27 05:50:16 - [INFO] -   ✓ raw_ppl=209.19962239658665, weighted_ppl=67.05329883905812
2026-07-27 05:50:17 - [INFO] - 
2026-07-27 05:50:17 - [INFO] - ======================================================================
2026-07-27 05:50:17 - [INFO] -   [hypernet_stage1] mode=D_only  seed=542
2026-07-27 05:50:17 - [INFO] - ======================================================================
2026-07-27 05:50:19 - [INFO] - Injected ablation_mode='D_only' into 23 Hydra mixer layers
2026-07-27 05:50:25 - [INFO] -   ✓ raw_ppl=516.413650632945, weighted_ppl=26.677474772156504
2026-07-27 05:50:26 - [INFO] - 
2026-07-27 05:50:26 - [INFO] - ======================================================================
2026-07-27 05:50:26 - [INFO] -   [hypernet_stage1] mode=D_only  seed=642
2026-07-27 05:50:26 - [INFO] - ======================================================================
2026-07-27 05:50:28 - [INFO] - Injected ablation_mode='D_only' into 23 Hydra mixer layers
2026-07-27 05:50:34 - [INFO] -   ✓ raw_ppl=423.57532421705264, weighted_ppl=33.159308161219386
2026-07-27 05:50:35 - [INFO] - 
2026-07-27 05:50:35 - [INFO] - ======================================================================
2026-07-27 05:50:35 - [INFO] -   [hypernet_stage1] mode=D_only  seed=742
2026-07-27 05:50:35 - [INFO] - ======================================================================
2026-07-27 05:50:37 - [INFO] - Injected ablation_mode='D_only' into 23 Hydra mixer layers
2026-07-27 05:50:43 - [INFO] -   ✓ raw_ppl=211.9071805315834, weighted_ppl=52.38426645930692
2026-07-27 05:50:44 - [INFO] - 
2026-07-27 05:50:44 - [INFO] - ======================================================================
2026-07-27 05:50:44 - [INFO] -   [hypernet_stage1] mode=D_only  seed=842
2026-07-27 05:50:44 - [INFO] - ======================================================================
2026-07-27 05:50:46 - [INFO] - Injected ablation_mode='D_only' into 23 Hydra mixer layers
2026-07-27 05:50:52 - [INFO] -   ✓ raw_ppl=239.0946676819549, weighted_ppl=71.56175497913709
2026-07-27 05:50:53 - [INFO] - 
2026-07-27 05:50:53 - [INFO] - ======================================================================
2026-07-27 05:50:53 - [INFO] -   [hypernet_stage1] mode=D_only  seed=942
2026-07-27 05:50:53 - [INFO] - ======================================================================
2026-07-27 05:50:55 - [INFO] - Injected ablation_mode='D_only' into 23 Hydra mixer layers
2026-07-27 05:51:01 - [INFO] -   ✓ raw_ppl=190.28923763792605, weighted_ppl=63.61556290402811
2026-07-27 05:51:02 - [INFO] -   [hypernet] D_only: weighted_ppl = 46.5930 ± 10.2242 (95% CI, n=10/10)
2026-07-27 05:51:02 - [INFO] - 
2026-07-27 05:51:02 - [INFO] - ======================================================================
2026-07-27 05:51:02 - [INFO] -   [hypernet_stage1] mode=none  seed=42
2026-07-27 05:51:02 - [INFO] - ======================================================================
2026-07-27 05:51:04 - [INFO] - Injected ablation_mode='none' into 23 Hydra mixer layers
2026-07-27 05:51:10 - [INFO] -   ✓ raw_ppl=406.3895736177709, weighted_ppl=55.63795457002884
2026-07-27 05:51:11 - [INFO] - 
2026-07-27 05:51:11 - [INFO] - ======================================================================
2026-07-27 05:51:11 - [INFO] -   [hypernet_stage1] mode=none  seed=142
2026-07-27 05:51:11 - [INFO] - ======================================================================
2026-07-27 05:51:13 - [INFO] - Injected ablation_mode='none' into 23 Hydra mixer layers
2026-07-27 05:51:19 - [INFO] -   ✓ raw_ppl=581.9936226780137, weighted_ppl=53.12037295704096
2026-07-27 05:51:20 - [INFO] - 
2026-07-27 05:51:20 - [INFO] - ======================================================================
2026-07-27 05:51:20 - [INFO] -   [hypernet_stage1] mode=none  seed=242
2026-07-27 05:51:20 - [INFO] - ======================================================================
2026-07-27 05:51:22 - [INFO] - Injected ablation_mode='none' into 23 Hydra mixer layers
2026-07-27 05:51:29 - [INFO] -   ✓ raw_ppl=653.3067440340479, weighted_ppl=32.39165838778019
2026-07-27 05:51:29 - [INFO] - 
2026-07-27 05:51:29 - [INFO] - ======================================================================
2026-07-27 05:51:29 - [INFO] -   [hypernet_stage1] mode=none  seed=342
2026-07-27 05:51:29 - [INFO] - ======================================================================
2026-07-27 05:51:32 - [INFO] - Injected ablation_mode='none' into 23 Hydra mixer layers
2026-07-27 05:51:39 - [INFO] -   ✓ raw_ppl=288.8839217160179, weighted_ppl=42.942777757426214
2026-07-27 05:51:39 - [INFO] - 
2026-07-27 05:51:39 - [INFO] - ======================================================================
2026-07-27 05:51:39 - [INFO] -   [hypernet_stage1] mode=none  seed=442
2026-07-27 05:51:39 - [INFO] - ======================================================================
2026-07-27 05:51:42 - [INFO] - Injected ablation_mode='none' into 23 Hydra mixer layers
2026-07-27 05:51:48 - [INFO] -   ✓ raw_ppl=260.0614284907382, weighted_ppl=86.03105916775084
2026-07-27 05:51:48 - [INFO] - 
2026-07-27 05:51:48 - [INFO] - ======================================================================
2026-07-27 05:51:48 - [INFO] -   [hypernet_stage1] mode=none  seed=542
2026-07-27 05:51:48 - [INFO] - ======================================================================
2026-07-27 05:51:51 - [INFO] - Injected ablation_mode='none' into 23 Hydra mixer layers
2026-07-27 05:51:57 - [INFO] -   ✓ raw_ppl=579.7808054785523, weighted_ppl=31.3007099881253
2026-07-27 05:51:58 - [INFO] - 
2026-07-27 05:51:58 - [INFO] - ======================================================================
2026-07-27 05:51:58 - [INFO] -   [hypernet_stage1] mode=none  seed=642
2026-07-27 05:51:58 - [INFO] - ======================================================================
2026-07-27 05:52:00 - [INFO] - Injected ablation_mode='none' into 23 Hydra mixer layers
2026-07-27 05:52:06 - [INFO] -   ✓ raw_ppl=515.3968004055539, weighted_ppl=40.13366851194821
2026-07-27 05:52:07 - [INFO] - 
2026-07-27 05:52:07 - [INFO] - ======================================================================
2026-07-27 05:52:07 - [INFO] -   [hypernet_stage1] mode=none  seed=742
2026-07-27 05:52:07 - [INFO] - ======================================================================
2026-07-27 05:52:09 - [INFO] - Injected ablation_mode='none' into 23 Hydra mixer layers
2026-07-27 05:52:15 - [INFO] -   ✓ raw_ppl=255.51153492905414, weighted_ppl=66.02587544079464
2026-07-27 05:52:16 - [INFO] - 
2026-07-27 05:52:16 - [INFO] - ======================================================================
2026-07-27 05:52:16 - [INFO] -   [hypernet_stage1] mode=none  seed=842
2026-07-27 05:52:16 - [INFO] - ======================================================================
2026-07-27 05:52:18 - [INFO] - Injected ablation_mode='none' into 23 Hydra mixer layers
2026-07-27 05:52:24 - [INFO] -   ✓ raw_ppl=306.02720438475416, weighted_ppl=94.74826804481197
2026-07-27 05:52:24 - [INFO] - 
2026-07-27 05:52:24 - [INFO] - ======================================================================
2026-07-27 05:52:24 - [INFO] -   [hypernet_stage1] mode=none  seed=942
2026-07-27 05:52:24 - [INFO] - ======================================================================
2026-07-27 05:52:27 - [INFO] - Injected ablation_mode='none' into 23 Hydra mixer layers
2026-07-27 05:52:33 - [INFO] -   ✓ raw_ppl=226.58883587066123, weighted_ppl=81.09153774321831
2026-07-27 05:52:33 - [INFO] -   [hypernet] none: weighted_ppl = 58.3424 ± 14.1286 (95% CI, n=10/10)
2026-07-27 05:52:33 - [INFO] - 
######################################################################
2026-07-27 05:52:33 - [INFO] - # KERNEL: chebyshev
2026-07-27 05:52:33 - [INFO] - ######################################################################
2026-07-27 05:52:33 - [INFO] - 
2026-07-27 05:52:33 - [INFO] - ======================================================================
2026-07-27 05:52:33 - [INFO] -   [chebyshev_stage1] mode=full  seed=42
2026-07-27 05:52:33 - [INFO] - ======================================================================
2026-07-27 05:52:36 - [INFO] - Injected ablation_mode='full' into 23 Hydra mixer layers
2026-07-27 05:52:43 - [INFO] -   ✓ raw_ppl=50.891758095085216, weighted_ppl=11.251658540428286
2026-07-27 05:52:44 - [INFO] - 
2026-07-27 05:52:44 - [INFO] - ======================================================================
2026-07-27 05:52:44 - [INFO] -   [chebyshev_stage1] mode=full  seed=142
2026-07-27 05:52:44 - [INFO] - ======================================================================
2026-07-27 05:52:46 - [INFO] - Injected ablation_mode='full' into 23 Hydra mixer layers
2026-07-27 05:52:53 - [INFO] -   ✓ raw_ppl=51.9018744914207, weighted_ppl=12.551937042874384
2026-07-27 05:52:54 - [INFO] - 
2026-07-27 05:52:54 - [INFO] - ======================================================================
2026-07-27 05:52:54 - [INFO] -   [chebyshev_stage1] mode=full  seed=242
2026-07-27 05:52:54 - [INFO] - ======================================================================
2026-07-27 05:52:56 - [INFO] - Injected ablation_mode='full' into 23 Hydra mixer layers
2026-07-27 05:53:04 - [INFO] -   ✓ raw_ppl=63.83213599431063, weighted_ppl=9.303663585817254
2026-07-27 05:53:04 - [INFO] - 
2026-07-27 05:53:04 - [INFO] - ======================================================================
2026-07-27 05:53:04 - [INFO] -   [chebyshev_stage1] mode=full  seed=342
2026-07-27 05:53:04 - [INFO] - ======================================================================
2026-07-27 05:53:07 - [INFO] - Injected ablation_mode='full' into 23 Hydra mixer layers
2026-07-27 05:53:14 - [INFO] -   ✓ raw_ppl=36.46373270999821, weighted_ppl=10.143614634884482
2026-07-27 05:53:14 - [INFO] - 
2026-07-27 05:53:14 - [INFO] - ======================================================================
2026-07-27 05:53:14 - [INFO] -   [chebyshev_stage1] mode=full  seed=442
2026-07-27 05:53:14 - [INFO] - ======================================================================
2026-07-27 05:53:17 - [INFO] - Injected ablation_mode='full' into 23 Hydra mixer layers
2026-07-27 05:53:24 - [INFO] -   ✓ raw_ppl=34.96545428145911, weighted_ppl=17.96065440120371
2026-07-27 05:53:24 - [INFO] - 
2026-07-27 05:53:24 - [INFO] - ======================================================================
2026-07-27 05:53:24 - [INFO] -   [chebyshev_stage1] mode=full  seed=542
2026-07-27 05:53:24 - [INFO] - ======================================================================
2026-07-27 05:53:27 - [INFO] - Injected ablation_mode='full' into 23 Hydra mixer layers
2026-07-27 05:53:34 - [INFO] -   ✓ raw_ppl=58.582114170487074, weighted_ppl=9.680549708037226
2026-07-27 05:53:34 - [INFO] - 
2026-07-27 05:53:34 - [INFO] - ======================================================================
2026-07-27 05:53:34 - [INFO] -   [chebyshev_stage1] mode=full  seed=642
2026-07-27 05:53:34 - [INFO] - ======================================================================
2026-07-27 05:53:37 - [INFO] - Injected ablation_mode='full' into 23 Hydra mixer layers
2026-07-27 05:53:44 - [INFO] -   ✓ raw_ppl=51.8738396511752, weighted_ppl=11.411261875295613
2026-07-27 05:53:45 - [INFO] - 
2026-07-27 05:53:45 - [INFO] - ======================================================================
2026-07-27 05:53:45 - [INFO] -   [chebyshev_stage1] mode=full  seed=742
2026-07-27 05:53:45 - [INFO] - ======================================================================
2026-07-27 05:53:47 - [INFO] - Injected ablation_mode='full' into 23 Hydra mixer layers
2026-07-27 05:53:54 - [INFO] -   ✓ raw_ppl=32.87163258221114, weighted_ppl=15.381040195921186
2026-07-27 05:53:55 - [INFO] - 
2026-07-27 05:53:55 - [INFO] - ======================================================================
2026-07-27 05:53:55 - [INFO] -   [chebyshev_stage1] mode=full  seed=842
2026-07-27 05:53:55 - [INFO] - ======================================================================
2026-07-27 05:53:57 - [INFO] - Injected ablation_mode='full' into 23 Hydra mixer layers
2026-07-27 05:54:04 - [INFO] -   ✓ raw_ppl=35.11935454105754, weighted_ppl=16.42586800383202
2026-07-27 05:54:05 - [INFO] - 
2026-07-27 05:54:05 - [INFO] - ======================================================================
2026-07-27 05:54:05 - [INFO] -   [chebyshev_stage1] mode=full  seed=942
2026-07-27 05:54:05 - [INFO] - ======================================================================
2026-07-27 05:54:07 - [INFO] - Injected ablation_mode='full' into 23 Hydra mixer layers
2026-07-27 05:54:14 - [INFO] -   ✓ raw_ppl=33.547972963473924, weighted_ppl=17.160006518130746
2026-07-27 05:54:15 - [INFO] -   [chebyshev] full: weighted_ppl = 13.1270 ± 2.0430 (95% CI, n=10/10)
2026-07-27 05:54:15 - [INFO] - 
2026-07-27 05:54:15 - [INFO] - ======================================================================
2026-07-27 05:54:15 - [INFO] -   [chebyshev_stage1] mode=all_except_A  seed=42
2026-07-27 05:54:15 - [INFO] - ======================================================================
2026-07-27 05:54:17 - [INFO] - Injected ablation_mode='all_except_A' into 23 Hydra mixer layers
2026-07-27 05:54:25 - [INFO] -   ✓ raw_ppl=83.78641251286192, weighted_ppl=14.072055388832505
2026-07-27 05:54:25 - [INFO] - 
2026-07-27 05:54:25 - [INFO] - ======================================================================
2026-07-27 05:54:25 - [INFO] -   [chebyshev_stage1] mode=all_except_A  seed=142
2026-07-27 05:54:25 - [INFO] - ======================================================================
2026-07-27 05:54:28 - [INFO] - Injected ablation_mode='all_except_A' into 23 Hydra mixer layers
2026-07-27 05:54:35 - [INFO] -   ✓ raw_ppl=81.90886621440599, weighted_ppl=16.030460342120392
2026-07-27 05:54:35 - [INFO] - 
2026-07-27 05:54:35 - [INFO] - ======================================================================
2026-07-27 05:54:35 - [INFO] -   [chebyshev_stage1] mode=all_except_A  seed=242
2026-07-27 05:54:35 - [INFO] - ======================================================================
2026-07-27 05:54:38 - [INFO] - Injected ablation_mode='all_except_A' into 23 Hydra mixer layers
2026-07-27 05:54:45 - [INFO] -   ✓ raw_ppl=103.8147268892524, weighted_ppl=11.42205421137436
2026-07-27 05:54:46 - [INFO] - 
2026-07-27 05:54:46 - [INFO] - ======================================================================
2026-07-27 05:54:46 - [INFO] -   [chebyshev_stage1] mode=all_except_A  seed=342
2026-07-27 05:54:46 - [INFO] - ======================================================================
2026-07-27 05:54:48 - [INFO] - Injected ablation_mode='all_except_A' into 23 Hydra mixer layers
2026-07-27 05:54:56 - [INFO] -   ✓ raw_ppl=60.4548629551883, weighted_ppl=12.780405552149402
2026-07-27 05:54:56 - [INFO] - 
2026-07-27 05:54:56 - [INFO] - ======================================================================
2026-07-27 05:54:56 - [INFO] -   [chebyshev_stage1] mode=all_except_A  seed=442
2026-07-27 05:54:56 - [INFO] - ======================================================================
2026-07-27 05:54:58 - [INFO] - Injected ablation_mode='all_except_A' into 23 Hydra mixer layers
2026-07-27 05:55:06 - [INFO] -   ✓ raw_ppl=51.087872003067474, weighted_ppl=23.407632408893168
2026-07-27 05:55:06 - [INFO] - 
2026-07-27 05:55:06 - [INFO] - ======================================================================
2026-07-27 05:55:06 - [INFO] -   [chebyshev_stage1] mode=all_except_A  seed=542
2026-07-27 05:55:06 - [INFO] - ======================================================================
2026-07-27 05:55:10 - [INFO] - Injected ablation_mode='all_except_A' into 23 Hydra mixer layers
2026-07-27 05:55:18 - [INFO] -   ✓ raw_ppl=94.19423356533991, weighted_ppl=11.99046835143418
2026-07-27 05:55:18 - [INFO] - 
2026-07-27 05:55:18 - [INFO] - ======================================================================
2026-07-27 05:55:18 - [INFO] -   [chebyshev_stage1] mode=all_except_A  seed=642
2026-07-27 05:55:18 - [INFO] - ======================================================================
2026-07-27 05:55:20 - [INFO] - Injected ablation_mode='all_except_A' into 23 Hydra mixer layers
2026-07-27 05:55:28 - [INFO] -   ✓ raw_ppl=83.72564798405773, weighted_ppl=14.334880125907429
2026-07-27 05:55:28 - [INFO] - 
2026-07-27 05:55:28 - [INFO] - ======================================================================
2026-07-27 05:55:28 - [INFO] -   [chebyshev_stage1] mode=all_except_A  seed=742
2026-07-27 05:55:28 - [INFO] - ======================================================================
2026-07-27 05:55:31 - [INFO] - Injected ablation_mode='all_except_A' into 23 Hydra mixer layers
2026-07-27 05:55:39 - [INFO] -   ✓ raw_ppl=47.401173247530764, weighted_ppl=19.56984791594378
2026-07-27 05:55:39 - [INFO] - 
2026-07-27 05:55:40 - [INFO] - ======================================================================
2026-07-27 05:55:40 - [INFO] -   [chebyshev_stage1] mode=all_except_A  seed=842
2026-07-27 05:55:40 - [INFO] - ======================================================================
2026-07-27 05:55:42 - [INFO] - Injected ablation_mode='all_except_A' into 23 Hydra mixer layers
2026-07-27 05:55:50 - [INFO] -   ✓ raw_ppl=52.446584450884835, weighted_ppl=21.18582631172916
2026-07-27 05:55:50 - [INFO] - 
2026-07-27 05:55:50 - [INFO] - ======================================================================
2026-07-27 05:55:50 - [INFO] -   [chebyshev_stage1] mode=all_except_A  seed=942
2026-07-27 05:55:50 - [INFO] - ======================================================================
2026-07-27 05:55:52 - [INFO] - Injected ablation_mode='all_except_A' into 23 Hydra mixer layers
2026-07-27 05:56:00 - [INFO] -   ✓ raw_ppl=49.176415526688714, weighted_ppl=21.737762223113013
2026-07-27 05:56:01 - [INFO] -   [chebyshev] all_except_A: weighted_ppl = 16.6531 ± 2.7491 (95% CI, n=10/10)
2026-07-27 05:56:01 - [INFO] - 
2026-07-27 05:56:01 - [INFO] - ======================================================================
2026-07-27 05:56:01 - [INFO] -   [chebyshev_stage1] mode=A_only  seed=42
2026-07-27 05:56:01 - [INFO] - ======================================================================
2026-07-27 05:56:03 - [INFO] - Injected ablation_mode='A_only' into 23 Hydra mixer layers
2026-07-27 05:56:10 - [INFO] -   ✓ raw_ppl=277.4455907234173, weighted_ppl=27.365535543805105
2026-07-27 05:56:11 - [INFO] - 
2026-07-27 05:56:11 - [INFO] - ======================================================================
2026-07-27 05:56:11 - [INFO] -   [chebyshev_stage1] mode=A_only  seed=142
2026-07-27 05:56:11 - [INFO] - ======================================================================
2026-07-27 05:56:13 - [INFO] - Injected ablation_mode='A_only' into 23 Hydra mixer layers
2026-07-27 05:56:22 - [INFO] -   ✓ raw_ppl=275.8966142720784, weighted_ppl=31.013246506572358
2026-07-27 05:56:22 - [INFO] - 
2026-07-27 05:56:22 - [INFO] - ======================================================================
2026-07-27 05:56:22 - [INFO] -   [chebyshev_stage1] mode=A_only  seed=242
2026-07-27 05:56:22 - [INFO] - ======================================================================
2026-07-27 05:56:25 - [INFO] - Injected ablation_mode='A_only' into 23 Hydra mixer layers
2026-07-27 05:56:32 - [INFO] -   ✓ raw_ppl=427.87456494610285, weighted_ppl=22.728140090282363
2026-07-27 05:56:32 - [INFO] - 
2026-07-27 05:56:32 - [INFO] - ======================================================================
2026-07-27 05:56:32 - [INFO] -   [chebyshev_stage1] mode=A_only  seed=342
2026-07-27 05:56:32 - [INFO] - ======================================================================
2026-07-27 05:56:35 - [INFO] - Injected ablation_mode='A_only' into 23 Hydra mixer layers
2026-07-27 05:56:42 - [INFO] -   ✓ raw_ppl=147.09440209462664, weighted_ppl=21.381368711111367
2026-07-27 05:56:43 - [INFO] - 
2026-07-27 05:56:43 - [INFO] - ======================================================================
2026-07-27 05:56:43 - [INFO] -   [chebyshev_stage1] mode=A_only  seed=442
2026-07-27 05:56:43 - [INFO] - ======================================================================
2026-07-27 05:56:46 - [INFO] - Injected ablation_mode='A_only' into 23 Hydra mixer layers
2026-07-27 05:56:53 - [INFO] -   ✓ raw_ppl=156.21809085736797, weighted_ppl=49.33147957315503
2026-07-27 05:56:54 - [INFO] - 
2026-07-27 05:56:54 - [INFO] - ======================================================================
2026-07-27 05:56:54 - [INFO] -   [chebyshev_stage1] mode=A_only  seed=542
2026-07-27 05:56:54 - [INFO] - ======================================================================
2026-07-27 05:56:56 - [INFO] - Injected ablation_mode='A_only' into 23 Hydra mixer layers
2026-07-27 05:57:04 - [INFO] -   ✓ raw_ppl=327.8369363552342, weighted_ppl=22.18662512431015
2026-07-27 05:57:05 - [INFO] - 
2026-07-27 05:57:05 - [INFO] - ======================================================================
2026-07-27 05:57:05 - [INFO] -   [chebyshev_stage1] mode=A_only  seed=642
2026-07-27 05:57:05 - [INFO] - ======================================================================
2026-07-27 05:57:08 - [INFO] - Injected ablation_mode='A_only' into 23 Hydra mixer layers
2026-07-27 05:57:16 - [INFO] -   ✓ raw_ppl=270.71317950569454, weighted_ppl=27.327086231575837
2026-07-27 05:57:16 - [INFO] - 
2026-07-27 05:57:16 - [INFO] - ======================================================================
2026-07-27 05:57:16 - [INFO] -   [chebyshev_stage1] mode=A_only  seed=742
2026-07-27 05:57:16 - [INFO] - ======================================================================
2026-07-27 05:57:19 - [INFO] - Injected ablation_mode='A_only' into 23 Hydra mixer layers
2026-07-27 05:57:26 - [INFO] -   ✓ raw_ppl=132.5469122342449, weighted_ppl=38.271297607549776
2026-07-27 05:57:27 - [INFO] - 
2026-07-27 05:57:27 - [INFO] - ======================================================================
2026-07-27 05:57:27 - [INFO] -   [chebyshev_stage1] mode=A_only  seed=842
2026-07-27 05:57:27 - [INFO] - ======================================================================
2026-07-27 05:57:29 - [INFO] - Injected ablation_mode='A_only' into 23 Hydra mixer layers
2026-07-27 05:57:37 - [INFO] -   ✓ raw_ppl=141.22618131557414, weighted_ppl=41.44890443821895
2026-07-27 05:57:37 - [INFO] - 
2026-07-27 05:57:37 - [INFO] - ======================================================================
2026-07-27 05:57:37 - [INFO] -   [chebyshev_stage1] mode=A_only  seed=942
2026-07-27 05:57:37 - [INFO] - ======================================================================
2026-07-27 05:57:39 - [INFO] - Injected ablation_mode='A_only' into 23 Hydra mixer layers
2026-07-27 05:57:47 - [INFO] -   ✓ raw_ppl=131.69383303113324, weighted_ppl=42.15069166835034
2026-07-27 05:57:47 - [INFO] -   [chebyshev] A_only: weighted_ppl = 32.3204 ± 6.0950 (95% CI, n=10/10)
2026-07-27 05:57:47 - [INFO] - 
2026-07-27 05:57:47 - [INFO] - ======================================================================
2026-07-27 05:57:47 - [INFO] -   [chebyshev_stage1] mode=dt_only  seed=42
2026-07-27 05:57:47 - [INFO] - ======================================================================
2026-07-27 05:57:50 - [INFO] - Injected ablation_mode='dt_only' into 23 Hydra mixer layers
2026-07-27 05:57:57 - [INFO] -   ✓ raw_ppl=427.27240997411155, weighted_ppl=42.139683560064334
2026-07-27 05:57:57 - [INFO] - 
2026-07-27 05:57:57 - [INFO] - ======================================================================
2026-07-27 05:57:57 - [INFO] -   [chebyshev_stage1] mode=dt_only  seed=142
2026-07-27 05:57:57 - [INFO] - ======================================================================
2026-07-27 05:58:00 - [INFO] - Injected ablation_mode='dt_only' into 23 Hydra mixer layers
2026-07-27 05:58:07 - [INFO] -   ✓ raw_ppl=468.9743104201157, weighted_ppl=49.30509173736145
2026-07-27 05:58:07 - [INFO] - 
2026-07-27 05:58:07 - [INFO] - ======================================================================
2026-07-27 05:58:07 - [INFO] -   [chebyshev_stage1] mode=dt_only  seed=242
2026-07-27 05:58:07 - [INFO] - ======================================================================
2026-07-27 05:58:10 - [INFO] - Injected ablation_mode='dt_only' into 23 Hydra mixer layers
2026-07-27 05:58:17 - [INFO] -   ✓ raw_ppl=667.3617472242439, weighted_ppl=31.92500504256631
2026-07-27 05:58:18 - [INFO] - 
2026-07-27 05:58:18 - [INFO] - ======================================================================
2026-07-27 05:58:18 - [INFO] -   [chebyshev_stage1] mode=dt_only  seed=342
2026-07-27 05:58:18 - [INFO] - ======================================================================
2026-07-27 05:58:20 - [INFO] - Injected ablation_mode='dt_only' into 23 Hydra mixer layers
2026-07-27 05:58:27 - [INFO] -   ✓ raw_ppl=267.7187985583545, weighted_ppl=34.94069925879664
2026-07-27 05:58:28 - [INFO] - 
2026-07-27 05:58:28 - [INFO] - ======================================================================
2026-07-27 05:58:28 - [INFO] -   [chebyshev_stage1] mode=dt_only  seed=442
2026-07-27 05:58:28 - [INFO] - ======================================================================
2026-07-27 05:58:30 - [INFO] - Injected ablation_mode='dt_only' into 23 Hydra mixer layers
2026-07-27 05:58:37 - [INFO] -   ✓ raw_ppl=247.8064501500431, weighted_ppl=84.04438269595023
2026-07-27 05:58:38 - [INFO] - 
2026-07-27 05:58:38 - [INFO] - ======================================================================
2026-07-27 05:58:38 - [INFO] -   [chebyshev_stage1] mode=dt_only  seed=542
2026-07-27 05:58:38 - [INFO] - ======================================================================
2026-07-27 05:58:40 - [INFO] - Injected ablation_mode='dt_only' into 23 Hydra mixer layers
2026-07-27 05:58:48 - [INFO] -   ✓ raw_ppl=542.6855049088989, weighted_ppl=33.264050784337805
2026-07-27 05:58:48 - [INFO] - 
2026-07-27 05:58:48 - [INFO] - ======================================================================
2026-07-27 05:58:48 - [INFO] -   [chebyshev_stage1] mode=dt_only  seed=642
2026-07-27 05:58:48 - [INFO] - ======================================================================
2026-07-27 05:58:51 - [INFO] - Injected ablation_mode='dt_only' into 23 Hydra mixer layers
2026-07-27 05:58:58 - [INFO] -   ✓ raw_ppl=472.83348770273665, weighted_ppl=42.91773972593141
2026-07-27 05:58:58 - [INFO] - 
2026-07-27 05:58:58 - [INFO] - ======================================================================
2026-07-27 05:58:58 - [INFO] -   [chebyshev_stage1] mode=dt_only  seed=742
2026-07-27 05:58:58 - [INFO] - ======================================================================
2026-07-27 05:59:01 - [INFO] - Injected ablation_mode='dt_only' into 23 Hydra mixer layers
2026-07-27 05:59:08 - [INFO] -   ✓ raw_ppl=212.40604034165045, weighted_ppl=64.38244852689331
2026-07-27 05:59:09 - [INFO] - 
2026-07-27 05:59:09 - [INFO] - ======================================================================
2026-07-27 05:59:09 - [INFO] -   [chebyshev_stage1] mode=dt_only  seed=842
2026-07-27 05:59:09 - [INFO] - ======================================================================
2026-07-27 05:59:11 - [INFO] - Injected ablation_mode='dt_only' into 23 Hydra mixer layers
2026-07-27 05:59:19 - [INFO] -   ✓ raw_ppl=245.3818984991158, weighted_ppl=75.28475041022544
2026-07-27 05:59:19 - [INFO] - 
2026-07-27 05:59:19 - [INFO] - ======================================================================
2026-07-27 05:59:19 - [INFO] -   [chebyshev_stage1] mode=dt_only  seed=942
2026-07-27 05:59:19 - [INFO] - ======================================================================
2026-07-27 05:59:21 - [INFO] - Injected ablation_mode='dt_only' into 23 Hydra mixer layers
2026-07-27 05:59:29 - [INFO] -   ✓ raw_ppl=219.62047932642446, weighted_ppl=76.4573700615723
2026-07-27 05:59:29 - [INFO] -   [chebyshev] dt_only: weighted_ppl = 53.4661 ± 12.2768 (95% CI, n=10/10)
2026-07-27 05:59:29 - [INFO] - 
2026-07-27 05:59:29 - [INFO] - ======================================================================
2026-07-27 05:59:29 - [INFO] -   [chebyshev_stage1] mode=BC_only  seed=42
2026-07-27 05:59:29 - [INFO] - ======================================================================
2026-07-27 05:59:31 - [INFO] - Injected ablation_mode='BC_only' into 23 Hydra mixer layers
2026-07-27 05:59:39 - [INFO] -   ✓ raw_ppl=121.7109935216162, weighted_ppl=18.291489749224983
2026-07-27 05:59:39 - [INFO] - 
2026-07-27 05:59:39 - [INFO] - ======================================================================
2026-07-27 05:59:39 - [INFO] -   [chebyshev_stage1] mode=BC_only  seed=142
2026-07-27 05:59:39 - [INFO] - ======================================================================
2026-07-27 05:59:42 - [INFO] - Injected ablation_mode='BC_only' into 23 Hydra mixer layers
2026-07-27 05:59:49 - [INFO] -   ✓ raw_ppl=118.17340301969926, weighted_ppl=21.22461552811011
2026-07-27 05:59:49 - [INFO] - 
2026-07-27 05:59:49 - [INFO] - ======================================================================
2026-07-27 05:59:49 - [INFO] -   [chebyshev_stage1] mode=BC_only  seed=242
2026-07-27 05:59:49 - [INFO] - ======================================================================
2026-07-27 05:59:52 - [INFO] - Injected ablation_mode='BC_only' into 23 Hydra mixer layers
2026-07-27 05:59:59 - [INFO] -   ✓ raw_ppl=153.9825004759368, weighted_ppl=14.524088703721787
2026-07-27 06:00:00 - [INFO] - 
2026-07-27 06:00:00 - [INFO] - ======================================================================
2026-07-27 06:00:00 - [INFO] -   [chebyshev_stage1] mode=BC_only  seed=342
2026-07-27 06:00:00 - [INFO] - ======================================================================
2026-07-27 06:00:02 - [INFO] - Injected ablation_mode='BC_only' into 23 Hydra mixer layers
2026-07-27 06:00:10 - [INFO] -   ✓ raw_ppl=82.8670556597774, weighted_ppl=16.166155643804153
2026-07-27 06:00:10 - [INFO] - 
2026-07-27 06:00:10 - [INFO] - ======================================================================
2026-07-27 06:00:10 - [INFO] -   [chebyshev_stage1] mode=BC_only  seed=442
2026-07-27 06:00:10 - [INFO] - ======================================================================
2026-07-27 06:00:13 - [INFO] - Injected ablation_mode='BC_only' into 23 Hydra mixer layers
2026-07-27 06:00:20 - [INFO] -   ✓ raw_ppl=72.6606995422271, weighted_ppl=32.42878920610832
2026-07-27 06:00:21 - [INFO] - 
2026-07-27 06:00:21 - [INFO] - ======================================================================
2026-07-27 06:00:21 - [INFO] -   [chebyshev_stage1] mode=BC_only  seed=542
2026-07-27 06:00:21 - [INFO] - ======================================================================
2026-07-27 06:00:23 - [INFO] - Injected ablation_mode='BC_only' into 23 Hydra mixer layers
2026-07-27 06:00:31 - [INFO] -   ✓ raw_ppl=142.27179673808527, weighted_ppl=15.459495999307583
2026-07-27 06:00:31 - [INFO] - 
2026-07-27 06:00:31 - [INFO] - ======================================================================
2026-07-27 06:00:31 - [INFO] -   [chebyshev_stage1] mode=BC_only  seed=642
2026-07-27 06:00:31 - [INFO] - ======================================================================
2026-07-27 06:00:34 - [INFO] - Injected ablation_mode='BC_only' into 23 Hydra mixer layers
2026-07-27 06:00:41 - [INFO] -   ✓ raw_ppl=123.66354427411659, weighted_ppl=18.53831017204405
2026-07-27 06:00:41 - [INFO] - 
2026-07-27 06:00:41 - [INFO] - ======================================================================
2026-07-27 06:00:41 - [INFO] -   [chebyshev_stage1] mode=BC_only  seed=742
2026-07-27 06:00:41 - [INFO] - ======================================================================
2026-07-27 06:00:44 - [INFO] - Injected ablation_mode='BC_only' into 23 Hydra mixer layers
2026-07-27 06:00:51 - [INFO] -   ✓ raw_ppl=69.62997186442868, weighted_ppl=26.462491637088046
2026-07-27 06:00:51 - [INFO] - 
2026-07-27 06:00:51 - [INFO] - ======================================================================
2026-07-27 06:00:51 - [INFO] -   [chebyshev_stage1] mode=BC_only  seed=842
2026-07-27 06:00:51 - [INFO] - ======================================================================
2026-07-27 06:00:54 - [INFO] - Injected ablation_mode='BC_only' into 23 Hydra mixer layers
2026-07-27 06:01:02 - [INFO] -   ✓ raw_ppl=74.00856321361601, weighted_ppl=28.77832341161531
2026-07-27 06:01:02 - [INFO] - 
2026-07-27 06:01:02 - [INFO] - ======================================================================
2026-07-27 06:01:02 - [INFO] -   [chebyshev_stage1] mode=BC_only  seed=942
2026-07-27 06:01:02 - [INFO] - ======================================================================
2026-07-27 06:01:05 - [INFO] - Injected ablation_mode='BC_only' into 23 Hydra mixer layers
2026-07-27 06:01:14 - [INFO] -   ✓ raw_ppl=69.4593670465388, weighted_ppl=29.56990711523127
2026-07-27 06:01:14 - [INFO] -   [chebyshev] BC_only: weighted_ppl = 22.1444 ± 4.0840 (95% CI, n=10/10)
2026-07-27 06:01:14 - [INFO] - 
2026-07-27 06:01:14 - [INFO] - ======================================================================
2026-07-27 06:01:14 - [INFO] -   [chebyshev_stage1] mode=all_except_dt  seed=42
2026-07-27 06:01:14 - [INFO] - ======================================================================
2026-07-27 06:01:17 - [INFO] - Injected ablation_mode='all_except_dt' into 23 Hydra mixer layers
2026-07-27 06:01:25 - [INFO] -   ✓ raw_ppl=52.121940101547786, weighted_ppl=11.349650100804196
2026-07-27 06:01:26 - [INFO] - 
2026-07-27 06:01:26 - [INFO] - ======================================================================
2026-07-27 06:01:26 - [INFO] -   [chebyshev_stage1] mode=all_except_dt  seed=142
2026-07-27 06:01:26 - [INFO] - ======================================================================
2026-07-27 06:01:28 - [INFO] - Injected ablation_mode='all_except_dt' into 23 Hydra mixer layers
2026-07-27 06:01:37 - [INFO] -   ✓ raw_ppl=53.07924994145134, weighted_ppl=12.643626589612525
2026-07-27 06:01:37 - [INFO] - 
2026-07-27 06:01:37 - [INFO] - ======================================================================
2026-07-27 06:01:37 - [INFO] -   [chebyshev_stage1] mode=all_except_dt  seed=242
2026-07-27 06:01:37 - [INFO] - ======================================================================
2026-07-27 06:01:40 - [INFO] - Injected ablation_mode='all_except_dt' into 23 Hydra mixer layers
2026-07-27 06:01:48 - [INFO] -   ✓ raw_ppl=65.83228226368605, weighted_ppl=9.39680679519157
2026-07-27 06:01:49 - [INFO] - 
2026-07-27 06:01:49 - [INFO] - ======================================================================
2026-07-27 06:01:49 - [INFO] -   [chebyshev_stage1] mode=all_except_dt  seed=342
2026-07-27 06:01:49 - [INFO] - ======================================================================
2026-07-27 06:01:51 - [INFO] - Injected ablation_mode='all_except_dt' into 23 Hydra mixer layers
2026-07-27 06:01:58 - [INFO] -   ✓ raw_ppl=37.537528686075184, weighted_ppl=10.233044704786714
2026-07-27 06:01:59 - [INFO] - 
2026-07-27 06:01:59 - [INFO] - ======================================================================
2026-07-27 06:01:59 - [INFO] -   [chebyshev_stage1] mode=all_except_dt  seed=442
2026-07-27 06:01:59 - [INFO] - ======================================================================
2026-07-27 06:02:01 - [INFO] - Injected ablation_mode='all_except_dt' into 23 Hydra mixer layers
2026-07-27 06:02:08 - [INFO] -   ✓ raw_ppl=35.49701679598529, weighted_ppl=18.109598410955957
2026-07-27 06:02:09 - [INFO] - 
2026-07-27 06:02:09 - [INFO] - ======================================================================
2026-07-27 06:02:09 - [INFO] -   [chebyshev_stage1] mode=all_except_dt  seed=542
2026-07-27 06:02:09 - [INFO] - ======================================================================
2026-07-27 06:02:11 - [INFO] - Injected ablation_mode='all_except_dt' into 23 Hydra mixer layers
2026-07-27 06:02:20 - [INFO] -   ✓ raw_ppl=61.34929166028978, weighted_ppl=9.769957055072323
2026-07-27 06:02:20 - [INFO] - 
2026-07-27 06:02:20 - [INFO] - ======================================================================
2026-07-27 06:02:20 - [INFO] -   [chebyshev_stage1] mode=all_except_dt  seed=642
2026-07-27 06:02:20 - [INFO] - ======================================================================
2026-07-27 06:02:23 - [INFO] - Injected ablation_mode='all_except_dt' into 23 Hydra mixer layers
2026-07-27 06:02:31 - [INFO] -   ✓ raw_ppl=54.8797515047419, weighted_ppl=11.558950898558793
2026-07-27 06:02:31 - [INFO] - 
2026-07-27 06:02:31 - [INFO] - ======================================================================
2026-07-27 06:02:31 - [INFO] -   [chebyshev_stage1] mode=all_except_dt  seed=742
2026-07-27 06:02:31 - [INFO] - ======================================================================
2026-07-27 06:02:34 - [INFO] - Injected ablation_mode='all_except_dt' into 23 Hydra mixer layers
2026-07-27 06:02:41 - [INFO] -   ✓ raw_ppl=34.03092068117025, weighted_ppl=15.522372503178966
2026-07-27 06:02:42 - [INFO] - 
2026-07-27 06:02:42 - [INFO] - ======================================================================
2026-07-27 06:02:42 - [INFO] -   [chebyshev_stage1] mode=all_except_dt  seed=842
2026-07-27 06:02:42 - [INFO] - ======================================================================
2026-07-27 06:02:44 - [INFO] - Injected ablation_mode='all_except_dt' into 23 Hydra mixer layers
2026-07-27 06:02:51 - [INFO] -   ✓ raw_ppl=35.99945782497939, weighted_ppl=16.586933885681592
2026-07-27 06:02:52 - [INFO] - 
2026-07-27 06:02:52 - [INFO] - ======================================================================
2026-07-27 06:02:52 - [INFO] -   [chebyshev_stage1] mode=all_except_dt  seed=942
2026-07-27 06:02:52 - [INFO] - ======================================================================
2026-07-27 06:02:54 - [INFO] - Injected ablation_mode='all_except_dt' into 23 Hydra mixer layers
2026-07-27 06:03:03 - [INFO] -   ✓ raw_ppl=34.63341089724171, weighted_ppl=17.3331406727071
2026-07-27 06:03:03 - [INFO] -   [chebyshev] all_except_dt: weighted_ppl = 13.2504 ± 2.0607 (95% CI, n=10/10)
2026-07-27 06:03:03 - [INFO] - 
2026-07-27 06:03:03 - [INFO] - ======================================================================
2026-07-27 06:03:03 - [INFO] -   [chebyshev_stage1] mode=D_only  seed=42
2026-07-27 06:03:03 - [INFO] - ======================================================================
2026-07-27 06:03:06 - [INFO] - Injected ablation_mode='D_only' into 23 Hydra mixer layers
2026-07-27 06:03:14 - [INFO] -   ✓ raw_ppl=418.2444939471136, weighted_ppl=41.4234960974402
2026-07-27 06:03:14 - [INFO] - 
2026-07-27 06:03:14 - [INFO] - ======================================================================
2026-07-27 06:03:14 - [INFO] -   [chebyshev_stage1] mode=D_only  seed=142
2026-07-27 06:03:14 - [INFO] - ======================================================================
2026-07-27 06:03:17 - [INFO] - Injected ablation_mode='D_only' into 23 Hydra mixer layers
2026-07-27 06:03:26 - [INFO] -   ✓ raw_ppl=466.52410363906307, weighted_ppl=48.65817857699694
2026-07-27 06:03:26 - [INFO] - 
2026-07-27 06:03:26 - [INFO] - ======================================================================
2026-07-27 06:03:26 - [INFO] -   [chebyshev_stage1] mode=D_only  seed=242
2026-07-27 06:03:26 - [INFO] - ======================================================================
2026-07-27 06:03:29 - [INFO] - Injected ablation_mode='D_only' into 23 Hydra mixer layers
2026-07-27 06:03:37 - [INFO] -   ✓ raw_ppl=666.2006632632193, weighted_ppl=31.738356270287035
2026-07-27 06:03:37 - [INFO] - 
2026-07-27 06:03:37 - [INFO] - ======================================================================
2026-07-27 06:03:37 - [INFO] -   [chebyshev_stage1] mode=D_only  seed=342
2026-07-27 06:03:37 - [INFO] - ======================================================================
2026-07-27 06:03:40 - [INFO] - Injected ablation_mode='D_only' into 23 Hydra mixer layers
2026-07-27 06:03:49 - [INFO] -   ✓ raw_ppl=263.7371291320848, weighted_ppl=33.75267598857225
2026-07-27 06:03:49 - [INFO] - 
2026-07-27 06:03:49 - [INFO] - ======================================================================
2026-07-27 06:03:49 - [INFO] -   [chebyshev_stage1] mode=D_only  seed=442
2026-07-27 06:03:49 - [INFO] - ======================================================================
2026-07-27 06:03:52 - [INFO] - Injected ablation_mode='D_only' into 23 Hydra mixer layers
2026-07-27 06:03:59 - [INFO] -   ✓ raw_ppl=247.1430778676236, weighted_ppl=82.07223017503634
2026-07-27 06:04:00 - [INFO] - 
2026-07-27 06:04:00 - [INFO] - ======================================================================
2026-07-27 06:04:00 - [INFO] -   [chebyshev_stage1] mode=D_only  seed=542
2026-07-27 06:04:00 - [INFO] - ======================================================================
2026-07-27 06:04:02 - [INFO] - Injected ablation_mode='D_only' into 23 Hydra mixer layers
2026-07-27 06:04:10 - [INFO] -   ✓ raw_ppl=528.0024488859973, weighted_ppl=32.5352754512603
2026-07-27 06:04:10 - [INFO] - 
2026-07-27 06:04:10 - [INFO] - ======================================================================
2026-07-27 06:04:10 - [INFO] -   [chebyshev_stage1] mode=D_only  seed=642
2026-07-27 06:04:10 - [INFO] - ======================================================================
2026-07-27 06:04:13 - [INFO] - Injected ablation_mode='D_only' into 23 Hydra mixer layers
2026-07-27 06:04:20 - [INFO] -   ✓ raw_ppl=455.0991237321082, weighted_ppl=41.89644398584558
2026-07-27 06:04:21 - [INFO] - 
2026-07-27 06:04:21 - [INFO] - ======================================================================
2026-07-27 06:04:21 - [INFO] -   [chebyshev_stage1] mode=D_only  seed=742
2026-07-27 06:04:21 - [INFO] - ======================================================================
2026-07-27 06:04:23 - [INFO] - Injected ablation_mode='D_only' into 23 Hydra mixer layers
2026-07-27 06:04:31 - [INFO] -   ✓ raw_ppl=212.88576073786498, weighted_ppl=63.493048151494605
2026-07-27 06:04:31 - [INFO] - 
2026-07-27 06:04:31 - [INFO] - ======================================================================
2026-07-27 06:04:31 - [INFO] -   [chebyshev_stage1] mode=D_only  seed=842
2026-07-27 06:04:31 - [INFO] - ======================================================================
2026-07-27 06:04:33 - [INFO] - Injected ablation_mode='D_only' into 23 Hydra mixer layers
2026-07-27 06:04:41 - [INFO] -   ✓ raw_ppl=235.09003609997995, weighted_ppl=72.37248222648019
2026-07-27 06:04:41 - [INFO] - 
2026-07-27 06:04:41 - [INFO] - ======================================================================
2026-07-27 06:04:41 - [INFO] -   [chebyshev_stage1] mode=D_only  seed=942
2026-07-27 06:04:41 - [INFO] - ======================================================================
2026-07-27 06:04:44 - [INFO] - Injected ablation_mode='D_only' into 23 Hydra mixer layers
2026-07-27 06:04:51 - [INFO] -   ✓ raw_ppl=215.59618608108082, weighted_ppl=74.91910565182691
2026-07-27 06:04:51 - [INFO] -   [chebyshev] D_only: weighted_ppl = 52.2861 ± 11.9104 (95% CI, n=10/10)
2026-07-27 06:04:51 - [INFO] - 
2026-07-27 06:04:51 - [INFO] - ======================================================================
2026-07-27 06:04:51 - [INFO] -   [chebyshev_stage1] mode=none  seed=42
2026-07-27 06:04:51 - [INFO] - ======================================================================
2026-07-27 06:04:54 - [INFO] - Injected ablation_mode='none' into 23 Hydra mixer layers
2026-07-27 06:05:01 - [INFO] -   ✓ raw_ppl=471.42900530173364, weighted_ppl=45.84075649591061
2026-07-27 06:05:01 - [INFO] - 
2026-07-27 06:05:01 - [INFO] - ======================================================================
2026-07-27 06:05:01 - [INFO] -   [chebyshev_stage1] mode=none  seed=142
2026-07-27 06:05:01 - [INFO] - ======================================================================
2026-07-27 06:05:04 - [INFO] - Injected ablation_mode='none' into 23 Hydra mixer layers
2026-07-27 06:05:11 - [INFO] -   ✓ raw_ppl=505.75485388962255, weighted_ppl=52.784232535892286
2026-07-27 06:05:12 - [INFO] - 
2026-07-27 06:05:12 - [INFO] - ======================================================================
2026-07-27 06:05:12 - [INFO] -   [chebyshev_stage1] mode=none  seed=242
2026-07-27 06:05:12 - [INFO] - ======================================================================
2026-07-27 06:05:14 - [INFO] - Injected ablation_mode='none' into 23 Hydra mixer layers
2026-07-27 06:05:22 - [INFO] -   ✓ raw_ppl=726.2366376405358, weighted_ppl=34.404355770538224
2026-07-27 06:05:22 - [INFO] - 
2026-07-27 06:05:22 - [INFO] - ======================================================================
2026-07-27 06:05:22 - [INFO] -   [chebyshev_stage1] mode=none  seed=342
2026-07-27 06:05:22 - [INFO] - ======================================================================
2026-07-27 06:05:24 - [INFO] - Injected ablation_mode='none' into 23 Hydra mixer layers
2026-07-27 06:05:32 - [INFO] -   ✓ raw_ppl=297.74239852608827, weighted_ppl=37.815036203645576
2026-07-27 06:05:32 - [INFO] - 
2026-07-27 06:05:32 - [INFO] - ======================================================================
2026-07-27 06:05:32 - [INFO] -   [chebyshev_stage1] mode=none  seed=442
2026-07-27 06:05:32 - [INFO] - ======================================================================
2026-07-27 06:05:35 - [INFO] - Injected ablation_mode='none' into 23 Hydra mixer layers
2026-07-27 06:05:42 - [INFO] -   ✓ raw_ppl=280.4524574768849, weighted_ppl=93.52798686301064
2026-07-27 06:05:43 - [INFO] - 
2026-07-27 06:05:43 - [INFO] - ======================================================================
2026-07-27 06:05:43 - [INFO] -   [chebyshev_stage1] mode=none  seed=542
2026-07-27 06:05:43 - [INFO] - ======================================================================
2026-07-27 06:05:45 - [INFO] - Injected ablation_mode='none' into 23 Hydra mixer layers
2026-07-27 06:05:53 - [INFO] -   ✓ raw_ppl=587.5833316411879, weighted_ppl=35.646387245260954
2026-07-27 06:05:54 - [INFO] - 
2026-07-27 06:05:54 - [INFO] - ======================================================================
2026-07-27 06:05:54 - [INFO] -   [chebyshev_stage1] mode=none  seed=642
2026-07-27 06:05:54 - [INFO] - ======================================================================
2026-07-27 06:05:57 - [INFO] - Injected ablation_mode='none' into 23 Hydra mixer layers
2026-07-27 06:06:05 - [INFO] -   ✓ raw_ppl=514.8846661064571, weighted_ppl=46.26698328630134
2026-07-27 06:06:05 - [INFO] - 
2026-07-27 06:06:05 - [INFO] - ======================================================================
2026-07-27 06:06:05 - [INFO] -   [chebyshev_stage1] mode=none  seed=742
2026-07-27 06:06:05 - [INFO] - ======================================================================
2026-07-27 06:06:08 - [INFO] - Injected ablation_mode='none' into 23 Hydra mixer layers
2026-07-27 06:06:15 - [INFO] -   ✓ raw_ppl=237.24626052524098, weighted_ppl=71.31853793104693
2026-07-27 06:06:16 - [INFO] - 
2026-07-27 06:06:16 - [INFO] - ======================================================================
2026-07-27 06:06:16 - [INFO] -   [chebyshev_stage1] mode=none  seed=842
2026-07-27 06:06:16 - [INFO] - ======================================================================
2026-07-27 06:06:18 - [INFO] - Injected ablation_mode='none' into 23 Hydra mixer layers
2026-07-27 06:06:25 - [INFO] -   ✓ raw_ppl=270.16875161358263, weighted_ppl=82.57232599926316
2026-07-27 06:06:26 - [INFO] - 
2026-07-27 06:06:26 - [INFO] - ======================================================================
2026-07-27 06:06:26 - [INFO] -   [chebyshev_stage1] mode=none  seed=942
2026-07-27 06:06:26 - [INFO] - ======================================================================
2026-07-27 06:06:29 - [INFO] - Injected ablation_mode='none' into 23 Hydra mixer layers
2026-07-27 06:06:36 - [INFO] -   ✓ raw_ppl=242.42193513429473, weighted_ppl=84.46293600872797
2026-07-27 06:06:36 - [INFO] -   [chebyshev] none: weighted_ppl = 58.4640 ± 13.8872 (95% CI, n=10/10)
2026-07-27 06:06:36 - [INFO] - 
######################################################################
2026-07-27 06:06:36 - [INFO] - # KERNEL: dct
2026-07-27 06:06:36 - [INFO] - ######################################################################
2026-07-27 06:06:36 - [INFO] - 
2026-07-27 06:06:36 - [INFO] - ======================================================================
2026-07-27 06:06:36 - [INFO] -   [dct_stage1] mode=full  seed=42
2026-07-27 06:06:36 - [INFO] - ======================================================================
2026-07-27 06:06:39 - [INFO] - Injected ablation_mode='full' into 23 Hydra mixer layers
2026-07-27 06:06:46 - [INFO] -   ✓ raw_ppl=44.39957698110543, weighted_ppl=11.81267817905907
2026-07-27 06:06:47 - [INFO] - 
2026-07-27 06:06:47 - [INFO] - ======================================================================
2026-07-27 06:06:47 - [INFO] -   [dct_stage1] mode=full  seed=142
2026-07-27 06:06:47 - [INFO] - ======================================================================
2026-07-27 06:06:49 - [INFO] - Injected ablation_mode='full' into 23 Hydra mixer layers
2026-07-27 06:06:57 - [INFO] -   ✓ raw_ppl=53.54737653613871, weighted_ppl=11.975872987429343
2026-07-27 06:06:57 - [INFO] - 
2026-07-27 06:06:57 - [INFO] - ======================================================================
2026-07-27 06:06:57 - [INFO] -   [dct_stage1] mode=full  seed=242
2026-07-27 06:06:57 - [INFO] - ======================================================================
2026-07-27 06:07:00 - [INFO] - Injected ablation_mode='full' into 23 Hydra mixer layers
2026-07-27 06:07:08 - [INFO] -   ✓ raw_ppl=55.04301501927016, weighted_ppl=10.009310816849098
2026-07-27 06:07:08 - [INFO] - 
2026-07-27 06:07:08 - [INFO] - ======================================================================
2026-07-27 06:07:08 - [INFO] -   [dct_stage1] mode=full  seed=342
2026-07-27 06:07:08 - [INFO] - ======================================================================
2026-07-27 06:07:11 - [INFO] - Injected ablation_mode='full' into 23 Hydra mixer layers
2026-07-27 06:07:18 - [INFO] -   ✓ raw_ppl=34.04029069398942, weighted_ppl=11.182447013998468
2026-07-27 06:07:18 - [INFO] - 
2026-07-27 06:07:18 - [INFO] - ======================================================================
2026-07-27 06:07:18 - [INFO] -   [dct_stage1] mode=full  seed=442
2026-07-27 06:07:18 - [INFO] - ======================================================================
2026-07-27 06:07:20 - [INFO] - Injected ablation_mode='full' into 23 Hydra mixer layers
2026-07-27 06:07:27 - [INFO] -   ✓ raw_ppl=31.184129769050845, weighted_ppl=15.920342579737687
2026-07-27 06:07:28 - [INFO] - 
2026-07-27 06:07:28 - [INFO] - ======================================================================
2026-07-27 06:07:28 - [INFO] -   [dct_stage1] mode=full  seed=542
2026-07-27 06:07:28 - [INFO] - ======================================================================
2026-07-27 06:07:30 - [INFO] - Injected ablation_mode='full' into 23 Hydra mixer layers
2026-07-27 06:07:37 - [INFO] -   ✓ raw_ppl=51.367214372202575, weighted_ppl=9.540218311219691
2026-07-27 06:07:38 - [INFO] - 
2026-07-27 06:07:38 - [INFO] - ======================================================================
2026-07-27 06:07:38 - [INFO] -   [dct_stage1] mode=full  seed=642
2026-07-27 06:07:38 - [INFO] - ======================================================================
2026-07-27 06:07:40 - [INFO] - Injected ablation_mode='full' into 23 Hydra mixer layers
2026-07-27 06:07:48 - [INFO] -   ✓ raw_ppl=51.62737171570876, weighted_ppl=11.205124863337174
2026-07-27 06:07:48 - [INFO] - 
2026-07-27 06:07:48 - [INFO] - ======================================================================
2026-07-27 06:07:48 - [INFO] -   [dct_stage1] mode=full  seed=742
2026-07-27 06:07:48 - [INFO] - ======================================================================
2026-07-27 06:07:51 - [INFO] - Injected ablation_mode='full' into 23 Hydra mixer layers
2026-07-27 06:07:58 - [INFO] -   ✓ raw_ppl=34.102051297426705, weighted_ppl=15.078990825067953
2026-07-27 06:07:58 - [INFO] - 
2026-07-27 06:07:58 - [INFO] - ======================================================================
2026-07-27 06:07:58 - [INFO] -   [dct_stage1] mode=full  seed=842
2026-07-27 06:07:58 - [INFO] - ======================================================================
2026-07-27 06:08:00 - [INFO] - Injected ablation_mode='full' into 23 Hydra mixer layers
2026-07-27 06:08:07 - [INFO] -   ✓ raw_ppl=33.10911789303027, weighted_ppl=16.773071020749786
2026-07-27 06:08:08 - [INFO] - 
2026-07-27 06:08:08 - [INFO] - ======================================================================
2026-07-27 06:08:08 - [INFO] -   [dct_stage1] mode=full  seed=942
2026-07-27 06:08:08 - [INFO] - ======================================================================
2026-07-27 06:08:10 - [INFO] - Injected ablation_mode='full' into 23 Hydra mixer layers
2026-07-27 06:08:17 - [INFO] -   ✓ raw_ppl=31.0162416276578, weighted_ppl=17.76135462381169
2026-07-27 06:08:18 - [INFO] -   [dct] full: weighted_ppl = 13.1259 ± 1.8421 (95% CI, n=10/10)
2026-07-27 06:08:18 - [INFO] - 
2026-07-27 06:08:18 - [INFO] - ======================================================================
2026-07-27 06:08:18 - [INFO] -   [dct_stage1] mode=all_except_A  seed=42
2026-07-27 06:08:18 - [INFO] - ======================================================================
2026-07-27 06:08:20 - [INFO] - Injected ablation_mode='all_except_A' into 23 Hydra mixer layers
2026-07-27 06:08:27 - [INFO] -   ✓ raw_ppl=79.10495575404715, weighted_ppl=15.035775178341607
2026-07-27 06:08:27 - [INFO] - 
2026-07-27 06:08:27 - [INFO] - ======================================================================
2026-07-27 06:08:27 - [INFO] -   [dct_stage1] mode=all_except_A  seed=142
2026-07-27 06:08:27 - [INFO] - ======================================================================
2026-07-27 06:08:30 - [INFO] - Injected ablation_mode='all_except_A' into 23 Hydra mixer layers
2026-07-27 06:08:36 - [INFO] -   ✓ raw_ppl=106.29124477419761, weighted_ppl=15.53084083222626
2026-07-27 06:08:37 - [INFO] - 
2026-07-27 06:08:37 - [INFO] - ======================================================================
2026-07-27 06:08:37 - [INFO] -   [dct_stage1] mode=all_except_A  seed=242
2026-07-27 06:08:37 - [INFO] - ======================================================================
2026-07-27 06:08:39 - [INFO] - Injected ablation_mode='all_except_A' into 23 Hydra mixer layers
2026-07-27 06:08:46 - [INFO] -   ✓ raw_ppl=117.42440759408008, weighted_ppl=13.06480207078129
2026-07-27 06:08:46 - [INFO] - 
2026-07-27 06:08:46 - [INFO] - ======================================================================
2026-07-27 06:08:46 - [INFO] -   [dct_stage1] mode=all_except_A  seed=342
2026-07-27 06:08:46 - [INFO] - ======================================================================
2026-07-27 06:08:49 - [INFO] - Injected ablation_mode='all_except_A' into 23 Hydra mixer layers
2026-07-27 06:08:56 - [INFO] -   ✓ raw_ppl=65.60584151188117, weighted_ppl=14.735864577729574
2026-07-27 06:08:56 - [INFO] - 
2026-07-27 06:08:56 - [INFO] - ======================================================================
2026-07-27 06:08:56 - [INFO] -   [dct_stage1] mode=all_except_A  seed=442
2026-07-27 06:08:56 - [INFO] - ======================================================================
2026-07-27 06:08:59 - [INFO] - Injected ablation_mode='all_except_A' into 23 Hydra mixer layers
2026-07-27 06:09:05 - [INFO] -   ✓ raw_ppl=52.74411319882843, weighted_ppl=20.617720938612962
2026-07-27 06:09:06 - [INFO] - 
2026-07-27 06:09:06 - [INFO] - ======================================================================
2026-07-27 06:09:06 - [INFO] -   [dct_stage1] mode=all_except_A  seed=542
2026-07-27 06:09:06 - [INFO] - ======================================================================
2026-07-27 06:09:08 - [INFO] - Injected ablation_mode='all_except_A' into 23 Hydra mixer layers
2026-07-27 06:09:15 - [INFO] -   ✓ raw_ppl=95.44157977210854, weighted_ppl=11.927839146733131
2026-07-27 06:09:15 - [INFO] - 
2026-07-27 06:09:15 - [INFO] - ======================================================================
2026-07-27 06:09:15 - [INFO] -   [dct_stage1] mode=all_except_A  seed=642
2026-07-27 06:09:15 - [INFO] - ======================================================================
2026-07-27 06:09:18 - [INFO] - Injected ablation_mode='all_except_A' into 23 Hydra mixer layers
2026-07-27 06:09:24 - [INFO] -   ✓ raw_ppl=98.16718721675001, weighted_ppl=14.053713356230316
2026-07-27 06:09:25 - [INFO] - 
2026-07-27 06:09:25 - [INFO] - ======================================================================
2026-07-27 06:09:25 - [INFO] -   [dct_stage1] mode=all_except_A  seed=742
2026-07-27 06:09:25 - [INFO] - ======================================================================
2026-07-27 06:09:27 - [INFO] - Injected ablation_mode='all_except_A' into 23 Hydra mixer layers
2026-07-27 06:09:34 - [INFO] -   ✓ raw_ppl=58.40351334320922, weighted_ppl=19.355304779261477
2026-07-27 06:09:34 - [INFO] - 
2026-07-27 06:09:34 - [INFO] - ======================================================================
2026-07-27 06:09:34 - [INFO] -   [dct_stage1] mode=all_except_A  seed=842
2026-07-27 06:09:34 - [INFO] - ======================================================================
2026-07-27 06:09:37 - [INFO] - Injected ablation_mode='all_except_A' into 23 Hydra mixer layers
2026-07-27 06:09:43 - [INFO] -   ✓ raw_ppl=58.16037137486657, weighted_ppl=22.012938961629427
2026-07-27 06:09:44 - [INFO] - 
2026-07-27 06:09:44 - [INFO] - ======================================================================
2026-07-27 06:09:44 - [INFO] -   [dct_stage1] mode=all_except_A  seed=942
2026-07-27 06:09:44 - [INFO] - ======================================================================
2026-07-27 06:09:46 - [INFO] - Injected ablation_mode='all_except_A' into 23 Hydra mixer layers
2026-07-27 06:09:54 - [INFO] -   ✓ raw_ppl=50.04709297289925, weighted_ppl=22.3956786071516
2026-07-27 06:09:54 - [INFO] -   [dct] all_except_A: weighted_ppl = 16.8730 ± 2.3894 (95% CI, n=10/10)
2026-07-27 06:09:54 - [INFO] - 
2026-07-27 06:09:54 - [INFO] - ======================================================================
2026-07-27 06:09:54 - [INFO] -   [dct_stage1] mode=A_only  seed=42
2026-07-27 06:09:54 - [INFO] - ======================================================================
2026-07-27 06:09:57 - [INFO] - Injected ablation_mode='A_only' into 23 Hydra mixer layers
2026-07-27 06:10:03 - [INFO] -   ✓ raw_ppl=187.31609638575077, weighted_ppl=23.544686389078503
2026-07-27 06:10:04 - [INFO] - 
2026-07-27 06:10:04 - [INFO] - ======================================================================
2026-07-27 06:10:04 - [INFO] -   [dct_stage1] mode=A_only  seed=142
2026-07-27 06:10:04 - [INFO] - ======================================================================
2026-07-27 06:10:06 - [INFO] - Injected ablation_mode='A_only' into 23 Hydra mixer layers
2026-07-27 06:10:13 - [INFO] -   ✓ raw_ppl=238.28571470161762, weighted_ppl=23.71385118365749
2026-07-27 06:10:14 - [INFO] - 
2026-07-27 06:10:14 - [INFO] - ======================================================================
2026-07-27 06:10:14 - [INFO] -   [dct_stage1] mode=A_only  seed=242
2026-07-27 06:10:14 - [INFO] - ======================================================================
2026-07-27 06:10:16 - [INFO] - Injected ablation_mode='A_only' into 23 Hydra mixer layers
2026-07-27 06:10:23 - [INFO] -   ✓ raw_ppl=259.8694966095955, weighted_ppl=19.74714444473448
2026-07-27 06:10:24 - [INFO] - 
2026-07-27 06:10:24 - [INFO] - ======================================================================
2026-07-27 06:10:24 - [INFO] -   [dct_stage1] mode=A_only  seed=342
2026-07-27 06:10:24 - [INFO] - ======================================================================
2026-07-27 06:10:26 - [INFO] - Injected ablation_mode='A_only' into 23 Hydra mixer layers
2026-07-27 06:10:33 - [INFO] -   ✓ raw_ppl=135.58311168729864, weighted_ppl=22.137224097729764
2026-07-27 06:10:34 - [INFO] - 
2026-07-27 06:10:34 - [INFO] - ======================================================================
2026-07-27 06:10:34 - [INFO] -   [dct_stage1] mode=A_only  seed=442
2026-07-27 06:10:34 - [INFO] - ======================================================================
2026-07-27 06:10:36 - [INFO] - Injected ablation_mode='A_only' into 23 Hydra mixer layers
2026-07-27 06:10:43 - [INFO] -   ✓ raw_ppl=105.2733135800434, weighted_ppl=33.162681827410374
2026-07-27 06:10:44 - [INFO] - 
2026-07-27 06:10:44 - [INFO] - ======================================================================
2026-07-27 06:10:44 - [INFO] -   [dct_stage1] mode=A_only  seed=542
2026-07-27 06:10:44 - [INFO] - ======================================================================
2026-07-27 06:10:46 - [INFO] - Injected ablation_mode='A_only' into 23 Hydra mixer layers
2026-07-27 06:10:54 - [INFO] -   ✓ raw_ppl=245.59899275619168, weighted_ppl=18.575335063260518
2026-07-27 06:10:54 - [INFO] - 
2026-07-27 06:10:54 - [INFO] - ======================================================================
2026-07-27 06:10:54 - [INFO] -   [dct_stage1] mode=A_only  seed=642
2026-07-27 06:10:54 - [INFO] - ======================================================================
2026-07-27 06:10:57 - [INFO] - Injected ablation_mode='A_only' into 23 Hydra mixer layers
2026-07-27 06:11:04 - [INFO] -   ✓ raw_ppl=225.96668890363736, weighted_ppl=21.850407382604082
2026-07-27 06:11:04 - [INFO] - 
2026-07-27 06:11:04 - [INFO] - ======================================================================
2026-07-27 06:11:04 - [INFO] -   [dct_stage1] mode=A_only  seed=742
2026-07-27 06:11:04 - [INFO] - ======================================================================
2026-07-27 06:11:07 - [INFO] - Injected ablation_mode='A_only' into 23 Hydra mixer layers
2026-07-27 06:11:14 - [INFO] -   ✓ raw_ppl=123.44061700260312, weighted_ppl=30.026503215074957
2026-07-27 06:11:14 - [INFO] - 
2026-07-27 06:11:14 - [INFO] - ======================================================================
2026-07-27 06:11:14 - [INFO] -   [dct_stage1] mode=A_only  seed=842
2026-07-27 06:11:14 - [INFO] - ======================================================================
2026-07-27 06:11:17 - [INFO] - Injected ablation_mode='A_only' into 23 Hydra mixer layers
2026-07-27 06:11:24 - [INFO] -   ✓ raw_ppl=111.95340504565168, weighted_ppl=34.483408638003915
2026-07-27 06:11:25 - [INFO] - 
2026-07-27 06:11:25 - [INFO] - ======================================================================
2026-07-27 06:11:25 - [INFO] -   [dct_stage1] mode=A_only  seed=942
2026-07-27 06:11:25 - [INFO] - ======================================================================
2026-07-27 06:11:27 - [INFO] - Injected ablation_mode='A_only' into 23 Hydra mixer layers
2026-07-27 06:11:34 - [INFO] -   ✓ raw_ppl=102.15407462732537, weighted_ppl=35.48463495659521
2026-07-27 06:11:34 - [INFO] -   [dct] A_only: weighted_ppl = 26.2726 ± 3.9543 (95% CI, n=10/10)
2026-07-27 06:11:34 - [INFO] - 
2026-07-27 06:11:34 - [INFO] - ======================================================================
2026-07-27 06:11:34 - [INFO] -   [dct_stage1] mode=dt_only  seed=42
2026-07-27 06:11:34 - [INFO] - ======================================================================
2026-07-27 06:11:37 - [INFO] - Injected ablation_mode='dt_only' into 23 Hydra mixer layers
2026-07-27 06:11:44 - [INFO] -   ✓ raw_ppl=424.0042707105472, weighted_ppl=47.32707715924014
2026-07-27 06:11:44 - [INFO] - 
2026-07-27 06:11:44 - [INFO] - ======================================================================
2026-07-27 06:11:44 - [INFO] -   [dct_stage1] mode=dt_only  seed=142
2026-07-27 06:11:44 - [INFO] - ======================================================================
2026-07-27 06:11:47 - [INFO] - Injected ablation_mode='dt_only' into 23 Hydra mixer layers
2026-07-27 06:11:53 - [INFO] -   ✓ raw_ppl=558.6429818664823, weighted_ppl=48.34755375533387
2026-07-27 06:11:54 - [INFO] - 
2026-07-27 06:11:54 - [INFO] - ======================================================================
2026-07-27 06:11:54 - [INFO] -   [dct_stage1] mode=dt_only  seed=242
2026-07-27 06:11:54 - [INFO] - ======================================================================
2026-07-27 06:11:56 - [INFO] - Injected ablation_mode='dt_only' into 23 Hydra mixer layers
2026-07-27 06:12:03 - [INFO] -   ✓ raw_ppl=615.8484654743177, weighted_ppl=37.97402044626866
2026-07-27 06:12:04 - [INFO] - 
2026-07-27 06:12:04 - [INFO] - ======================================================================
2026-07-27 06:12:04 - [INFO] -   [dct_stage1] mode=dt_only  seed=342
2026-07-27 06:12:04 - [INFO] - ======================================================================
2026-07-27 06:12:06 - [INFO] - Injected ablation_mode='dt_only' into 23 Hydra mixer layers
2026-07-27 06:12:13 - [INFO] -   ✓ raw_ppl=270.75130172908155, weighted_ppl=43.926922523327235
2026-07-27 06:12:13 - [INFO] - 
2026-07-27 06:12:13 - [INFO] - ======================================================================
2026-07-27 06:12:13 - [INFO] -   [dct_stage1] mode=dt_only  seed=442
2026-07-27 06:12:13 - [INFO] - ======================================================================
2026-07-27 06:12:16 - [INFO] - Injected ablation_mode='dt_only' into 23 Hydra mixer layers
2026-07-27 06:12:23 - [INFO] -   ✓ raw_ppl=234.53319113789888, weighted_ppl=74.74579151180036
2026-07-27 06:12:24 - [INFO] - 
2026-07-27 06:12:24 - [INFO] - ======================================================================
2026-07-27 06:12:24 - [INFO] -   [dct_stage1] mode=dt_only  seed=542
2026-07-27 06:12:24 - [INFO] - ======================================================================
2026-07-27 06:12:26 - [INFO] - Injected ablation_mode='dt_only' into 23 Hydra mixer layers
2026-07-27 06:12:33 - [INFO] -   ✓ raw_ppl=511.7501558495305, weighted_ppl=33.90266291034706
2026-07-27 06:12:34 - [INFO] - 
2026-07-27 06:12:34 - [INFO] - ======================================================================
2026-07-27 06:12:34 - [INFO] -   [dct_stage1] mode=dt_only  seed=642
2026-07-27 06:12:34 - [INFO] - ======================================================================
2026-07-27 06:12:36 - [INFO] - Injected ablation_mode='dt_only' into 23 Hydra mixer layers
2026-07-27 06:12:43 - [INFO] -   ✓ raw_ppl=523.9408463452796, weighted_ppl=43.79426287778194
2026-07-27 06:12:43 - [INFO] - 
2026-07-27 06:12:43 - [INFO] - ======================================================================
2026-07-27 06:12:43 - [INFO] -   [dct_stage1] mode=dt_only  seed=742
2026-07-27 06:12:43 - [INFO] - ======================================================================
2026-07-27 06:12:46 - [INFO] - Injected ablation_mode='dt_only' into 23 Hydra mixer layers
2026-07-27 06:12:52 - [INFO] -   ✓ raw_ppl=279.0792121952677, weighted_ppl=68.63931798227176
2026-07-27 06:12:53 - [INFO] - 
2026-07-27 06:12:53 - [INFO] - ======================================================================
2026-07-27 06:12:53 - [INFO] -   [dct_stage1] mode=dt_only  seed=842
2026-07-27 06:12:53 - [INFO] - ======================================================================
2026-07-27 06:12:55 - [INFO] - Injected ablation_mode='dt_only' into 23 Hydra mixer layers
2026-07-27 06:13:02 - [INFO] -   ✓ raw_ppl=261.2010294551335, weighted_ppl=82.84109793656312
2026-07-27 06:13:03 - [INFO] - 
2026-07-27 06:13:03 - [INFO] - ======================================================================
2026-07-27 06:13:03 - [INFO] -   [dct_stage1] mode=dt_only  seed=942
2026-07-27 06:13:03 - [INFO] - ======================================================================
2026-07-27 06:13:05 - [INFO] - Injected ablation_mode='dt_only' into 23 Hydra mixer layers
2026-07-27 06:13:12 - [INFO] -   ✓ raw_ppl=233.1003770267123, weighted_ppl=86.22652932652099
2026-07-27 06:13:12 - [INFO] -   [dct] dt_only: weighted_ppl = 56.7725 ± 12.0132 (95% CI, n=10/10)
2026-07-27 06:13:12 - [INFO] - 
2026-07-27 06:13:12 - [INFO] - ======================================================================
2026-07-27 06:13:12 - [INFO] -   [dct_stage1] mode=BC_only  seed=42
2026-07-27 06:13:12 - [INFO] - ======================================================================
2026-07-27 06:13:15 - [INFO] - Injected ablation_mode='BC_only' into 23 Hydra mixer layers
2026-07-27 06:13:22 - [INFO] -   ✓ raw_ppl=126.32048270843177, weighted_ppl=19.483867966058533
2026-07-27 06:13:22 - [INFO] - 
2026-07-27 06:13:22 - [INFO] - ======================================================================
2026-07-27 06:13:22 - [INFO] -   [dct_stage1] mode=BC_only  seed=142
2026-07-27 06:13:22 - [INFO] - ======================================================================
2026-07-27 06:13:25 - [INFO] - Injected ablation_mode='BC_only' into 23 Hydra mixer layers
2026-07-27 06:13:32 - [INFO] -   ✓ raw_ppl=158.9325542539404, weighted_ppl=19.62795940725906
2026-07-27 06:13:32 - [INFO] - 
2026-07-27 06:13:32 - [INFO] - ======================================================================
2026-07-27 06:13:32 - [INFO] -   [dct_stage1] mode=BC_only  seed=242
2026-07-27 06:13:32 - [INFO] - ======================================================================
2026-07-27 06:13:34 - [INFO] - Injected ablation_mode='BC_only' into 23 Hydra mixer layers
2026-07-27 06:13:41 - [INFO] -   ✓ raw_ppl=182.9056698088166, weighted_ppl=16.496754904294722
2026-07-27 06:13:42 - [INFO] - 
2026-07-27 06:13:42 - [INFO] - ======================================================================
2026-07-27 06:13:42 - [INFO] -   [dct_stage1] mode=BC_only  seed=342
2026-07-27 06:13:42 - [INFO] - ======================================================================
2026-07-27 06:13:44 - [INFO] - Injected ablation_mode='BC_only' into 23 Hydra mixer layers
2026-07-27 06:13:51 - [INFO] -   ✓ raw_ppl=100.02177872858309, weighted_ppl=18.777589693932967
2026-07-27 06:13:52 - [INFO] - 
2026-07-27 06:13:52 - [INFO] - ======================================================================
2026-07-27 06:13:52 - [INFO] -   [dct_stage1] mode=BC_only  seed=442
2026-07-27 06:13:52 - [INFO] - ======================================================================
2026-07-27 06:13:54 - [INFO] - Injected ablation_mode='BC_only' into 23 Hydra mixer layers
2026-07-27 06:14:01 - [INFO] -   ✓ raw_ppl=78.32032901475198, weighted_ppl=26.924720181917394
2026-07-27 06:14:02 - [INFO] - 
2026-07-27 06:14:02 - [INFO] - ======================================================================
2026-07-27 06:14:02 - [INFO] -   [dct_stage1] mode=BC_only  seed=542
2026-07-27 06:14:02 - [INFO] - ======================================================================
2026-07-27 06:14:04 - [INFO] - Injected ablation_mode='BC_only' into 23 Hydra mixer layers
2026-07-27 06:14:11 - [INFO] -   ✓ raw_ppl=154.3907440240871, weighted_ppl=15.25220879226311
2026-07-27 06:14:12 - [INFO] - 
2026-07-27 06:14:12 - [INFO] - ======================================================================
2026-07-27 06:14:12 - [INFO] -   [dct_stage1] mode=BC_only  seed=642
2026-07-27 06:14:12 - [INFO] - ======================================================================
2026-07-27 06:14:14 - [INFO] - Injected ablation_mode='BC_only' into 23 Hydra mixer layers
2026-07-27 06:14:21 - [INFO] -   ✓ raw_ppl=154.37113516009987, weighted_ppl=18.037577679120407
2026-07-27 06:14:22 - [INFO] - 
2026-07-27 06:14:22 - [INFO] - ======================================================================
2026-07-27 06:14:22 - [INFO] -   [dct_stage1] mode=BC_only  seed=742
2026-07-27 06:14:22 - [INFO] - ======================================================================
2026-07-27 06:14:24 - [INFO] - Injected ablation_mode='BC_only' into 23 Hydra mixer layers
2026-07-27 06:14:31 - [INFO] -   ✓ raw_ppl=88.6452812109835, weighted_ppl=25.180016121049828
2026-07-27 06:14:31 - [INFO] - 
2026-07-27 06:14:31 - [INFO] - ======================================================================
2026-07-27 06:14:31 - [INFO] -   [dct_stage1] mode=BC_only  seed=842
2026-07-27 06:14:31 - [INFO] - ======================================================================
2026-07-27 06:14:34 - [INFO] - Injected ablation_mode='BC_only' into 23 Hydra mixer layers
2026-07-27 06:14:40 - [INFO] -   ✓ raw_ppl=81.32023065123013, weighted_ppl=28.47516784667868
2026-07-27 06:14:41 - [INFO] - 
2026-07-27 06:14:41 - [INFO] - ======================================================================
2026-07-27 06:14:41 - [INFO] -   [dct_stage1] mode=BC_only  seed=942
2026-07-27 06:14:41 - [INFO] - ======================================================================
2026-07-27 06:14:43 - [INFO] - Injected ablation_mode='BC_only' into 23 Hydra mixer layers
2026-07-27 06:14:50 - [INFO] -   ✓ raw_ppl=75.28756726408561, weighted_ppl=29.218262576340138
2026-07-27 06:14:51 - [INFO] -   [dct] BC_only: weighted_ppl = 21.7474 ± 3.2114 (95% CI, n=10/10)
2026-07-27 06:14:51 - [INFO] - 
2026-07-27 06:14:51 - [INFO] - ======================================================================
2026-07-27 06:14:51 - [INFO] -   [dct_stage1] mode=all_except_dt  seed=42
2026-07-27 06:14:51 - [INFO] - ======================================================================
2026-07-27 06:14:53 - [INFO] - Injected ablation_mode='all_except_dt' into 23 Hydra mixer layers
2026-07-27 06:15:00 - [INFO] -   ✓ raw_ppl=46.134173906473556, weighted_ppl=12.19477197634812
2026-07-27 06:15:00 - [INFO] - 
2026-07-27 06:15:00 - [INFO] - ======================================================================
2026-07-27 06:15:00 - [INFO] -   [dct_stage1] mode=all_except_dt  seed=142
2026-07-27 06:15:00 - [INFO] - ======================================================================
2026-07-27 06:15:03 - [INFO] - Injected ablation_mode='all_except_dt' into 23 Hydra mixer layers
2026-07-27 06:15:10 - [INFO] -   ✓ raw_ppl=55.948317758755024, weighted_ppl=12.40555051721099
2026-07-27 06:15:10 - [INFO] - 
2026-07-27 06:15:10 - [INFO] - ======================================================================
2026-07-27 06:15:10 - [INFO] -   [dct_stage1] mode=all_except_dt  seed=242
2026-07-27 06:15:10 - [INFO] - ======================================================================
2026-07-27 06:15:13 - [INFO] - Injected ablation_mode='all_except_dt' into 23 Hydra mixer layers
2026-07-27 06:15:19 - [INFO] -   ✓ raw_ppl=57.17846288740362, weighted_ppl=10.278614577879031
2026-07-27 06:15:20 - [INFO] - 
2026-07-27 06:15:20 - [INFO] - ======================================================================
2026-07-27 06:15:20 - [INFO] -   [dct_stage1] mode=all_except_dt  seed=342
2026-07-27 06:15:20 - [INFO] - ======================================================================
2026-07-27 06:15:22 - [INFO] - Injected ablation_mode='all_except_dt' into 23 Hydra mixer layers
2026-07-27 06:15:29 - [INFO] -   ✓ raw_ppl=35.45928008754286, weighted_ppl=11.601144419964346
2026-07-27 06:15:29 - [INFO] - 
2026-07-27 06:15:29 - [INFO] - ======================================================================
2026-07-27 06:15:29 - [INFO] -   [dct_stage1] mode=all_except_dt  seed=442
2026-07-27 06:15:29 - [INFO] - ======================================================================
2026-07-27 06:15:32 - [INFO] - Injected ablation_mode='all_except_dt' into 23 Hydra mixer layers
2026-07-27 06:15:38 - [INFO] -   ✓ raw_ppl=32.74903005793612, weighted_ppl=16.66048458825895
2026-07-27 06:15:39 - [INFO] - 
2026-07-27 06:15:39 - [INFO] - ======================================================================
2026-07-27 06:15:39 - [INFO] -   [dct_stage1] mode=all_except_dt  seed=542
2026-07-27 06:15:39 - [INFO] - ======================================================================
2026-07-27 06:15:41 - [INFO] - Injected ablation_mode='all_except_dt' into 23 Hydra mixer layers
2026-07-27 06:15:48 - [INFO] -   ✓ raw_ppl=53.66118539786647, weighted_ppl=9.840825981586622
2026-07-27 06:15:48 - [INFO] - 
2026-07-27 06:15:48 - [INFO] - ======================================================================
2026-07-27 06:15:48 - [INFO] -   [dct_stage1] mode=all_except_dt  seed=642
2026-07-27 06:15:48 - [INFO] - ======================================================================
2026-07-27 06:15:51 - [INFO] - Injected ablation_mode='all_except_dt' into 23 Hydra mixer layers
2026-07-27 06:15:58 - [INFO] -   ✓ raw_ppl=53.90030339340845, weighted_ppl=11.598150105309806
2026-07-27 06:15:58 - [INFO] - 
2026-07-27 06:15:58 - [INFO] - ======================================================================
2026-07-27 06:15:58 - [INFO] -   [dct_stage1] mode=all_except_dt  seed=742
2026-07-27 06:15:58 - [INFO] - ======================================================================
2026-07-27 06:16:00 - [INFO] - Injected ablation_mode='all_except_dt' into 23 Hydra mixer layers
2026-07-27 06:16:08 - [INFO] -   ✓ raw_ppl=35.54470275435824, weighted_ppl=15.692165426005278
2026-07-27 06:16:08 - [INFO] - 
2026-07-27 06:16:08 - [INFO] - ======================================================================
2026-07-27 06:16:08 - [INFO] -   [dct_stage1] mode=all_except_dt  seed=842
2026-07-27 06:16:08 - [INFO] - ======================================================================
2026-07-27 06:16:11 - [INFO] - Injected ablation_mode='all_except_dt' into 23 Hydra mixer layers
2026-07-27 06:16:18 - [INFO] -   ✓ raw_ppl=34.77852178620488, weighted_ppl=17.54342605004856
2026-07-27 06:16:18 - [INFO] - 
2026-07-27 06:16:18 - [INFO] - ======================================================================
2026-07-27 06:16:18 - [INFO] -   [dct_stage1] mode=all_except_dt  seed=942
2026-07-27 06:16:18 - [INFO] - ======================================================================
2026-07-27 06:16:21 - [INFO] - Injected ablation_mode='all_except_dt' into 23 Hydra mixer layers
2026-07-27 06:16:28 - [INFO] -   ✓ raw_ppl=32.534425055534435, weighted_ppl=18.603131057072694
2026-07-27 06:16:28 - [INFO] -   [dct] all_except_dt: weighted_ppl = 13.6418 ± 1.9695 (95% CI, n=10/10)
2026-07-27 06:16:28 - [INFO] - 
2026-07-27 06:16:28 - [INFO] - ======================================================================
2026-07-27 06:16:28 - [INFO] -   [dct_stage1] mode=D_only  seed=42
2026-07-27 06:16:28 - [INFO] - ======================================================================
2026-07-27 06:16:30 - [INFO] - Injected ablation_mode='D_only' into 23 Hydra mixer layers
2026-07-27 06:16:38 - [INFO] -   ✓ raw_ppl=351.246047237882, weighted_ppl=43.23723981934098
2026-07-27 06:16:38 - [INFO] - 
2026-07-27 06:16:38 - [INFO] - ======================================================================
2026-07-27 06:16:38 - [INFO] -   [dct_stage1] mode=D_only  seed=142
2026-07-27 06:16:38 - [INFO] - ======================================================================
2026-07-27 06:16:41 - [INFO] - Injected ablation_mode='D_only' into 23 Hydra mixer layers
2026-07-27 06:16:48 - [INFO] -   ✓ raw_ppl=492.3539976589816, weighted_ppl=44.5399889604999
2026-07-27 06:16:49 - [INFO] - 
2026-07-27 06:16:49 - [INFO] - ======================================================================
2026-07-27 06:16:49 - [INFO] -   [dct_stage1] mode=D_only  seed=242
2026-07-27 06:16:49 - [INFO] - ======================================================================
2026-07-27 06:16:51 - [INFO] - Injected ablation_mode='D_only' into 23 Hydra mixer layers
2026-07-27 06:17:00 - [INFO] -   ✓ raw_ppl=514.8827602313889, weighted_ppl=34.63614602817746
2026-07-27 06:17:00 - [INFO] - 
2026-07-27 06:17:00 - [INFO] - ======================================================================
2026-07-27 06:17:00 - [INFO] -   [dct_stage1] mode=D_only  seed=342
2026-07-27 06:17:00 - [INFO] - ======================================================================
2026-07-27 06:17:03 - [INFO] - Injected ablation_mode='D_only' into 23 Hydra mixer layers
2026-07-27 06:17:10 - [INFO] -   ✓ raw_ppl=230.88496515377784, weighted_ppl=40.129633617993434
2026-07-27 06:17:11 - [INFO] - 
2026-07-27 06:17:11 - [INFO] - ======================================================================
2026-07-27 06:17:11 - [INFO] -   [dct_stage1] mode=D_only  seed=442
2026-07-27 06:17:11 - [INFO] - ======================================================================
2026-07-27 06:17:13 - [INFO] - Injected ablation_mode='D_only' into 23 Hydra mixer layers
2026-07-27 06:17:21 - [INFO] -   ✓ raw_ppl=204.38506683740363, weighted_ppl=67.65453765804469
2026-07-27 06:17:21 - [INFO] - 
2026-07-27 06:17:21 - [INFO] - ======================================================================
2026-07-27 06:17:21 - [INFO] -   [dct_stage1] mode=D_only  seed=542
2026-07-27 06:17:21 - [INFO] - ======================================================================
2026-07-27 06:17:24 - [INFO] - Injected ablation_mode='D_only' into 23 Hydra mixer layers
2026-07-27 06:17:31 - [INFO] -   ✓ raw_ppl=436.83531864338283, weighted_ppl=31.343020268534882
2026-07-27 06:17:32 - [INFO] - 
2026-07-27 06:17:32 - [INFO] - ======================================================================
2026-07-27 06:17:32 - [INFO] -   [dct_stage1] mode=D_only  seed=642
2026-07-27 06:17:32 - [INFO] - ======================================================================
2026-07-27 06:17:34 - [INFO] - Injected ablation_mode='D_only' into 23 Hydra mixer layers
2026-07-27 06:17:41 - [INFO] -   ✓ raw_ppl=448.43645162685857, weighted_ppl=39.98282757116423
2026-07-27 06:17:41 - [INFO] - 
2026-07-27 06:17:41 - [INFO] - ======================================================================
2026-07-27 06:17:41 - [INFO] -   [dct_stage1] mode=D_only  seed=742
2026-07-27 06:17:41 - [INFO] - ======================================================================
2026-07-27 06:17:45 - [INFO] - Injected ablation_mode='D_only' into 23 Hydra mixer layers
2026-07-27 06:17:52 - [INFO] -   ✓ raw_ppl=249.1413124211503, weighted_ppl=62.858017153578984
2026-07-27 06:17:52 - [INFO] - 
2026-07-27 06:17:52 - [INFO] - ======================================================================
2026-07-27 06:17:52 - [INFO] -   [dct_stage1] mode=D_only  seed=842
2026-07-27 06:17:52 - [INFO] - ======================================================================
2026-07-27 06:17:54 - [INFO] - Injected ablation_mode='D_only' into 23 Hydra mixer layers
2026-07-27 06:18:02 - [INFO] -   ✓ raw_ppl=231.5295488400462, weighted_ppl=74.81515845686134
2026-07-27 06:18:02 - [INFO] - 
2026-07-27 06:18:02 - [INFO] - ======================================================================
2026-07-27 06:18:02 - [INFO] -   [dct_stage1] mode=D_only  seed=942
2026-07-27 06:18:02 - [INFO] - ======================================================================
2026-07-27 06:18:05 - [INFO] - Injected ablation_mode='D_only' into 23 Hydra mixer layers
2026-07-27 06:18:12 - [INFO] -   ✓ raw_ppl=208.13605196191023, weighted_ppl=77.99317298009167
2026-07-27 06:18:12 - [INFO] -   [dct] D_only: weighted_ppl = 51.7190 ± 10.7439 (95% CI, n=10/10)
2026-07-27 06:18:12 - [INFO] - 
2026-07-27 06:18:12 - [INFO] - ======================================================================
2026-07-27 06:18:12 - [INFO] -   [dct_stage1] mode=none  seed=42
2026-07-27 06:18:12 - [INFO] - ======================================================================
2026-07-27 06:18:14 - [INFO] - Injected ablation_mode='none' into 23 Hydra mixer layers
2026-07-27 06:18:21 - [INFO] -   ✓ raw_ppl=429.8078101461032, weighted_ppl=47.75581954550222
2026-07-27 06:18:22 - [INFO] - 
2026-07-27 06:18:22 - [INFO] - ======================================================================
2026-07-27 06:18:22 - [INFO] -   [dct_stage1] mode=none  seed=142
2026-07-27 06:18:22 - [INFO] - ======================================================================
2026-07-27 06:18:24 - [INFO] - Injected ablation_mode='none' into 23 Hydra mixer layers
2026-07-27 06:18:31 - [INFO] -   ✓ raw_ppl=563.2990978817879, weighted_ppl=49.24342908408726
2026-07-27 06:18:31 - [INFO] - 
2026-07-27 06:18:31 - [INFO] - ======================================================================
2026-07-27 06:18:31 - [INFO] -   [dct_stage1] mode=none  seed=242
2026-07-27 06:18:31 - [INFO] - ======================================================================
2026-07-27 06:18:34 - [INFO] - Injected ablation_mode='none' into 23 Hydra mixer layers
2026-07-27 06:18:41 - [INFO] -   ✓ raw_ppl=611.561694532809, weighted_ppl=38.23131277691737
2026-07-27 06:18:41 - [INFO] - 
2026-07-27 06:18:41 - [INFO] - ======================================================================
2026-07-27 06:18:41 - [INFO] -   [dct_stage1] mode=none  seed=342
2026-07-27 06:18:41 - [INFO] - ======================================================================
2026-07-27 06:18:43 - [INFO] - Injected ablation_mode='none' into 23 Hydra mixer layers
2026-07-27 06:18:50 - [INFO] -   ✓ raw_ppl=269.2725682681264, weighted_ppl=44.36311619002289
2026-07-27 06:18:51 - [INFO] - 
2026-07-27 06:18:51 - [INFO] - ======================================================================
2026-07-27 06:18:51 - [INFO] -   [dct_stage1] mode=none  seed=442
2026-07-27 06:18:51 - [INFO] - ======================================================================
2026-07-27 06:18:53 - [INFO] - Injected ablation_mode='none' into 23 Hydra mixer layers
2026-07-27 06:19:00 - [INFO] -   ✓ raw_ppl=234.03142034253858, weighted_ppl=74.79533532132672
2026-07-27 06:19:00 - [INFO] - 
2026-07-27 06:19:00 - [INFO] - ======================================================================
2026-07-27 06:19:00 - [INFO] -   [dct_stage1] mode=none  seed=542
2026-07-27 06:19:00 - [INFO] - ======================================================================
2026-07-27 06:19:03 - [INFO] - Injected ablation_mode='none' into 23 Hydra mixer layers
2026-07-27 06:19:10 - [INFO] -   ✓ raw_ppl=533.4616915588364, weighted_ppl=34.77100559646349
2026-07-27 06:19:10 - [INFO] - 
2026-07-27 06:19:10 - [INFO] - ======================================================================
2026-07-27 06:19:10 - [INFO] -   [dct_stage1] mode=none  seed=642
2026-07-27 06:19:10 - [INFO] - ======================================================================
2026-07-27 06:19:12 - [INFO] - Injected ablation_mode='none' into 23 Hydra mixer layers
2026-07-27 06:19:19 - [INFO] -   ✓ raw_ppl=529.4319692794388, weighted_ppl=44.307904975283975
2026-07-27 06:19:20 - [INFO] - 
2026-07-27 06:19:20 - [INFO] - ======================================================================
2026-07-27 06:19:20 - [INFO] -   [dct_stage1] mode=none  seed=742
2026-07-27 06:19:20 - [INFO] - ======================================================================
2026-07-27 06:19:22 - [INFO] - Injected ablation_mode='none' into 23 Hydra mixer layers
2026-07-27 06:19:29 - [INFO] -   ✓ raw_ppl=278.12966806608404, weighted_ppl=68.84517897878945
2026-07-27 06:19:29 - [INFO] - 
2026-07-27 06:19:29 - [INFO] - ======================================================================
2026-07-27 06:19:29 - [INFO] -   [dct_stage1] mode=none  seed=842
2026-07-27 06:19:29 - [INFO] - ======================================================================
2026-07-27 06:19:32 - [INFO] - Injected ablation_mode='none' into 23 Hydra mixer layers
2026-07-27 06:19:39 - [INFO] -   ✓ raw_ppl=262.9396796348905, weighted_ppl=83.61751488118084
2026-07-27 06:19:39 - [INFO] - 
2026-07-27 06:19:39 - [INFO] - ======================================================================
2026-07-27 06:19:39 - [INFO] -   [dct_stage1] mode=none  seed=942
2026-07-27 06:19:39 - [INFO] - ======================================================================
2026-07-27 06:19:42 - [INFO] - Injected ablation_mode='none' into 23 Hydra mixer layers
2026-07-27 06:19:49 - [INFO] -   ✓ raw_ppl=231.72421037885698, weighted_ppl=85.87672039840277
2026-07-27 06:19:49 - [INFO] -   [dct] none: weighted_ppl = 57.1807 ± 11.8896 (95% CI, n=10/10)
2026-07-27 06:19:49 - [INFO] - CSV saved to data/ablation_results/ablation_results.csv
2026-07-27 06:19:49 - [INFO] - Markdown summary saved to data/ablation_results/ablation_summary.md
